0,0.6547630735223752,0.6638458309580405
1,0.624789401038164,0.6351361651736857
2,0.5947857468996953,0.6101322763477007
3,0.5632311129318619,0.5824428943784689
4,0.5338372231590901,0.5560567796673389
5,0.5082856407389045,0.5311394843168288
6,0.4800924584428919,0.5031877671610864
7,0.45441197340711403,0.48106569610771927
8,0.4326188189403352,0.46106338529106167
9,0.41232286042211896,0.4447467044951238
10,0.3969739613972586,0.4312936410231565
11,0.37657999996241626,0.41263273037998355
12,0.35975696111421274,0.3958915627443654
13,0.3459676153830328,0.3845934638942072
14,0.33551158899928657,0.3760907356510762
15,0.3221644919848384,0.3642947251805669
16,0.3086418102160643,0.35327872064666765
17,0.29892974006226125,0.34661594881069685
18,0.2868383375968793,0.33553899644404267
19,0.27505564823528084,0.32654869933431463
20,0.26395166794653335,0.31669559415616694
21,0.25497140283616654,0.3087262859352322
22,0.24562769847714813,0.30103824337922
23,0.23679048072519396,0.29252244685081236
24,0.22926651961500313,0.28369122681629294
25,0.22044355252844197,0.27429086052189705
26,0.21266589709045253,0.2670495518335499
27,0.2055289236359608,0.260189272278757
28,0.19831544619900673,0.2531342392452382
29,0.19048403591500518,0.24589205610644865
30,0.18425800272407042,0.24161861608859256
31,0.17864120556701948,0.23688790512289093
32,0.1726369114551684,0.23188126469381154
33,0.16762033347177038,0.22551791575160676
34,0.16266252792697664,0.22302060953156902
35,0.15806628421204014,0.21887891982835297
36,0.15360890407215413,0.21565901923085323
37,0.14989876973016922,0.2129356252450198
38,0.14573650045689276,0.20862075247088158
39,0.1408882440047334,0.2051279034380995
40,0.13752627952939725,0.2022918204362768
41,0.13412787532092307,0.19762730791964933
42,0.13087369562616266,0.19461717764911352
43,0.12801783965458788,0.1922024942031923
44,0.12431252891685095,0.18949892963760462
45,0.12142293066842923,0.18684332008964444
46,0.11866271772711084,0.18456915109690614
47,0.11603757606996884,0.182641735214375
48,0.11317377259686115,0.1796440947920624
49,0.11089841030483433,0.1778185132284041
50,0.10824575264252777,0.17536138428826128
51,0.10560365516719725,0.17308878187349866
52,0.10322702749834958,0.1710039056904443
53,0.10111788233109092,0.16956709948180343
54,0.09902285419695972,0.16839710407886122
55,0.09694883565721273,0.16667219868624172
56,0.09452314760016783,0.16522053245207144
57,0.09286226368165396,0.1633969581681877
58,0.09142888917571758,0.16187024598469393
59,0.08944275186904922,0.16004823373077623
60,0.08734779267100512,0.15782375164537416
61,0.0856449968730325,0.15559280446537202
62,0.08381885884461747,0.15519724225865894
63,0.08171517766265239,0.15280650647678368
64,0.08017622727745903,0.15125302342768085
65,0.07886111787759442,0.14997322391023457
66,0.07727515350453427,0.14882325171860739
67,0.07564490207887657,0.14735994984253548
68,0.07415521170370153,0.14607521354598318
69,0.07313022651871288,0.14530585643426341
70,0.07195090340372985,0.14402669038611401
71,0.07076003186605087,0.1427584479419603
72,0.06931896581061749,0.14123048325988866
73,0.068287853251751,0.1401690378086505
74,0.06707115187184444,0.13918523092129453
75,0.06581157726442902,0.13754009572074996
76,0.06482187703634387,0.1369222716606689
77,0.06370024577074646,0.13510118358783227
78,0.0628029555514965,0.1337101210693697
79,0.061778860603866774,0.1331009606963342
80,0.06094595642582784,0.13235973425298903
81,0.0600059478928524,0.1319054209235644
82,0.058935004953650214,0.13031820335265387
83,0.057876730132802486,0.12989783477873723
84,0.05693835873284302,0.12907463606511624
85,0.05594617098770252,0.12847235506548751
86,0.05508763196452323,0.12775255107146122
87,0.05393646060873943,0.12652605982690784
88,0.05319444925358068,0.12550493086579778
89,0.05232037665336085,0.12433885022680875
90,0.05129034020471179,0.12276396209350969
91,0.05062772054452914,0.12162824545926909
92,0.049985860039486865,0.12102876127934924
93,0.04935502040502786,0.12057507897765044
94,0.04879326382674696,0.11970768848500836
95,0.04786579825512354,0.11836153543582789
96,0.04702459213330722,0.11721964743491649
97,0.04644041819939695,0.1165023849771693
98,0.04583510592771116,0.11564099346430264
99,0.04516821041530167,0.11499899218948069
100,0.04447567434230031,0.1135394251742922
101,0.044048622703694335,0.11283336590480637
102,0.04334849080476172,0.11204407248595659
103,0.042857961207719335,0.11164776927019267
104,0.04221911831533486,0.1107925563037395
105,0.04168837971320435,0.11027201376686374
106,0.0409940880516084,0.10967419762328758
107,0.040376589991024774,0.10931287297621728
108,0.039868878070857094,0.10874751073441516
109,0.039346791692260276,0.10832924266468355
110,0.03886769606087421,0.10741650304078842
111,0.03839399581683987,0.10722080567981321
112,0.038021133620574306,0.10679213124536134
113,0.03750360070689055,0.1066957150360812
114,0.03697031859677367,0.10602983123973544
115,0.03642688041284207,0.10534922544107066
116,0.03602961599621876,0.10509869475255189
117,0.03561417700854884,0.10462052075304189
118,0.03521054578958703,0.1040936726335203
119,0.03468725646784515,0.10365157167512344
120,0.034219207822784675,0.10337269071308584
121,0.03390431912356309,0.10337212315940529
122,0.03346850068369894,0.10216036432194908
123,0.032949779837330787,0.10152509252539028
124,0.03256738171992427,0.10139667787072748
125,0.03211817287892322,0.1012569643579323
126,0.031739621492635574,0.10085670150049382
127,0.03129013229279909,0.1006930692968574
128,0.03097451901095202,0.10060766264549835
129,0.0305783699407791,0.0999128153602012
130,0.030294024993490182,0.09999661130849916
131,0.029926155969354808,0.09966453888249127
132,0.02956439045879507,0.09897915826318797
133,0.029327308668010393,0.09876412290412129
134,0.02895793574577548,0.09809051500665728
135,0.028691678169049085,0.09778607396413809
136,0.02842669940979418,0.09747826901501118
137,0.0281776781319151,0.09741708802030445
138,0.02789333351935581,0.09670507063233312
139,0.027630419301866466,0.09630524678265386
140,0.027359904715686598,0.09610855823524501
141,0.027065880372346102,0.09605326607025023
142,0.02684788018337526,0.0955840322320232
143,0.0266066416141675,0.09494318544682931
144,0.02636946945549114,0.0946594195325832
145,0.026141855451289775,0.09443305330313959
146,0.025835093696007373,0.09360154485058446
147,0.025588911837353973,0.09321828507811754
148,0.025363322752721445,0.09289025348058867
149,0.025160933331265352,0.09259706804368247
150,0.024932839504663986,0.09254916236182037
151,0.02476036634460128,0.09256541412225404
152,0.024543067283272598,0.09232249808087307
153,0.024366738972616153,0.09211302401012869
154,0.024150532065756382,0.09196955353328755
155,0.023904355390858098,0.09176479796369562
156,0.023681366776314296,0.09131523878989149
157,0.02351442653649375,0.09115356827796636
158,0.023337003914411646,0.09109883962549878
159,0.02313487292073831,0.09101672572708687
160,0.02297023021272204,0.09077560974200435
161,0.022813777451820144,0.09053516922035523
162,0.022536414124363063,0.09029615477499116
163,0.022365468325922244,0.09009814437970447
164,0.022185869136948165,0.08997774371761161
165,0.02197652523437729,0.0894876102310982
166,0.021769480756427047,0.08907129941598567
167,0.021596141020063776,0.08872590738988614
168,0.021359874000476814,0.08870863017676796
169,0.021160574041848915,0.088739145901538
170,0.020957856108309258,0.08824913212019166
171,0.020825190774181032,0.0883235882902846
172,0.020610170481011526,0.0880583214126322
173,0.020476761419772373,0.08801374886911849
174,0.020292021017088976,0.08765860050267374
175,0.020106407669703032,0.0875364398320431
176,0.019977598801177807,0.08727580492597287
177,0.01982444986782986,0.08701485247902208
178,0.019648496871631966,0.08696320118782044
179,0.01949436738028266,0.08670993183826624
180,0.019375764671485406,0.0865010573493681
181,0.019214313473862148,0.08643261237951468
182,0.019051606086604205,0.08608956294243197
183,0.018870919135064432,0.08573755595021923
184,0.018715899520779077,0.08573839849924979
185,0.018602933176772665,0.08573752236654335
186,0.01842125319001381,0.08573155648904984
187,0.018309670933670294,0.08542966747527722
188,0.018178860412131823,0.08516032736807508
189,0.01806377238664585,0.08506871677104239
190,0.017917634288536745,0.08485777233269201
191,0.01779850063649687,0.08456972084577657
192,0.01767963959783097,0.08477414733774595
193,0.017530699874773112,0.08418667900409657
194,0.01737922539964118,0.08388230434080017
195,0.017239871401280565,0.08367496598558895
196,0.017121642009380177,0.08302298160244984
197,0.0169773595071737,0.08306055399960115
198,0.016827122205845594,0.08299086594019867
199,0.016700159050159903,0.08295590708267275
200,0.016568290472741085,0.08289643420368371
201,0.016433667226450878,0.08254634958158613
202,0.016290839896412123,0.08213672552654878
203,0.01616023934826546,0.08212511605417047
204,0.016043257511910824,0.08200765511337953
205,0.01594888852581309,0.08153773197649598
206,0.01585379355270552,0.08149666879823507
207,0.01575540883175136,0.08138871247249253
208,0.015642396004729355,0.08119617960916023
209,0.015538341118692258,0.0809546618172392
210,0.015456905141062944,0.08088572488061331
211,0.015361419007919893,0.08076001767068218
212,0.015233876140364661,0.08065074342353637
213,0.015102994336785342,0.08049198663061245
214,0.015006462730294262,0.08024523341536693
215,0.014904722033414653,0.08010947960448365
216,0.014821780205096294,0.08006044233079186
217,0.014706211417348724,0.07986232518602428
218,0.014607323089974289,0.07976152677653156
219,0.014501822074592878,0.07968609242202444
220,0.014380131872065712,0.07944878569453566
221,0.01429667946379313,0.07926564443251614
222,0.014191656123817167,0.07899785303900933
223,0.014104043437545996,0.07898878436770726
224,0.013999539176696652,0.07870011427023893
225,0.013882543114617394,0.0785710729497931
226,0.013816615479797909,0.0785687309083859
227,0.013741612185901692,0.07831761636895554
228,0.01365266421133502,0.07826000387068781
229,0.01357210822025437,0.07817008508511197
230,0.013489435594540298,0.07806861285483535
231,0.013387019851889398,0.07772048180027484
232,0.013315678933068363,0.07771968788814151
233,0.013230535669382069,0.07726653001638416
234,0.013151371483816275,0.07721383453351092
235,0.013060485997378444,0.07708068291266486
236,0.012948662515110301,0.07700412525432668
237,0.012873101133561732,0.07685638005239466
238,0.012792555083040249,0.07655678879803986
239,0.012711365045729141,0.07638006222862702
240,0.012640066538518409,0.07640965043613157
241,0.012578285927998135,0.07621685416737613
242,0.012505414730625587,0.07616288558607427
243,0.012408588226192374,0.07610722131850245
244,0.012325086522435264,0.07602238609496594
245,0.012246007899284672,0.07598214630231119
246,0.012167595240656368,0.07593287503643098
247,0.012068768851356559,0.07574147068467019
248,0.012010892343076634,0.07559140043308496
249,0.011949768219334427,0.07548983825184503
250,0.011883876410832123,0.07535364968454403
251,0.011835484436148446,0.07533320659147001
252,0.011773239459995007,0.0752188257067611
253,0.011677595044709378,0.07511950682838031
254,0.011602389396220665,0.07504275196848895
255,0.011530864266234661,0.07487004803797298
256,0.01143352348274326,0.07477226591404987
257,0.011376365706720787,0.0746921629003305
258,0.011310407031990113,0.07433416562187775
259,0.011231822554308985,0.07415821273719336
260,0.011165252173135016,0.07402157592483596
261,0.011100393364463265,0.07407600230691572
262,0.011032613252476313,0.07367945253910431
263,0.010959108061530607,0.07356756711066033
264,0.010895758515456122,0.07380484113222653
265,0.010824363455540685,0.07409250166919643
266,0.010773455605143112,0.07411569568976574
267,0.010717229083952355,0.07423200171844167
268,0.010654065816339861,0.07416316722821824
269,0.010574773328280882,0.07426085850766494
270,0.010522040870373109,0.07419172357957635
271,0.010462051380453016,0.07423864842894894
272,0.010402182827835725,0.07428862004866794
273,0.010336206847640132,0.07420482513858487
274,0.0102616617399721,0.07414794020659535
275,0.010212493416554953,0.07396439522517767
276,0.010153522880344873,0.07394301302210662
277,0.010081146727316082,0.0738586368792451
278,0.010026765839551964,0.0737777737666058
279,0.009969679445192255,0.07372069181267979
280,0.009926233062074317,0.07361845397435124
281,0.009887894427103234,0.07360600793431997
282,0.00984336109547295,0.07360304292496053
283,0.009757195992456762,0.07365215953340302
284,0.009693867306641705,0.07355325651293508
285,0.009644251124088569,0.07330419735408153
286,0.009592911534803785,0.07313175162389497
287,0.009529327346674624,0.07297545610117862
288,0.009473875846968814,0.07298052908925598
289,0.009437709234422642,0.07296830168558514
290,0.009380018252601579,0.07305492582054617
291,0.009333022776763423,0.07256376213445985
292,0.00926294026772257,0.07245439377295285
293,0.009219150819751937,0.0723860555635034
294,0.009174648033338884,0.07218768616954377
295,0.009135011111928064,0.0720181887571024
296,0.009078899075101815,0.07196907259996639
297,0.009030433898236065,0.07190125429601692
298,0.008993507909399519,0.0718237016451935
299,0.008936683915175206,0.07169941784938072
300,0.008892736003750111,0.07159825568541371
301,0.008820071989501892,0.07154396372854407
302,0.008766593573521594,0.07155892076925116
303,0.008724212500467112,0.07152625108212587
304,0.008673204771985361,0.07152436767081005
305,0.008625632535648011,0.07155963918216718
306,0.008579260710920583,0.07161079265244057
307,0.008525838025715795,0.0714606938251141
308,0.008483424447738728,0.07146353451177098
309,0.008444770316714034,0.07142053340218857
310,0.008413481520953382,0.07146080217718212
311,0.008367254515178502,0.07145070494384467
312,0.00831053409017258,0.0712608925108371
313,0.008258199687844511,0.0710781276404843
314,0.008200940872715617,0.07068036990660648
315,0.008158240222524678,0.07063703243159818
316,0.008124995745848271,0.070659881668877
317,0.008086410833267645,0.07062086633740512
318,0.008048101068300156,0.0705245244374955
319,0.008014459748442733,0.07048781064345712
320,0.007977666106606746,0.07046407686570451
321,0.007931877996557344,0.0702739616425904
322,0.007892826917890942,0.07013333071205449
323,0.007851638096842396,0.07008785192782536
324,0.007812141472118517,0.07011907966368537
325,0.007759960555422523,0.07011806674847562
326,0.0077292228268156585,0.0701907679106164
327,0.007691138785179878,0.07021136694720838
328,0.007657508686877113,0.07022784715896385
329,0.007614385033075295,0.06998991966093224
330,0.007581693545828658,0.0698636245593416
331,0.0075488625678363595,0.06971885136609533
332,0.007489718510461903,0.06954588875253945
333,0.007445641566172679,0.06965887900185115
334,0.007418755740627492,0.06967828337971929
335,0.00738807589790276,0.06964110667001758
336,0.007344258144215515,0.06953512945914685
337,0.007317957272787275,0.06951423392361031
338,0.0072854883158477,0.06952143484587674
339,0.007256095841427932,0.06947192195191464
340,0.007222940980640074,0.06943592353576665
341,0.0071863314408119,0.06943418694255113
342,0.007152102175760732,0.06943725518840604
343,0.007112915936343982,0.06945883174064804
344,0.007090041316131444,0.06945571526748628
345,0.007060319208596949,0.06945107743199577
346,0.007027759926460802,0.06938540382365053
347,0.00699724959255672,0.06936863367818105
348,0.00696889784563934,0.06939293102469093
349,0.00691937009290471,0.06912499648157804
350,0.00689708944956583,0.06906973012457308
351,0.00686728754231688,0.06895832770653293
352,0.006827200431044243,0.06889547804696229
353,0.006796559224970876,0.06892152044934198
354,0.006762299220297431,0.0689029961767326
355,0.006731644828836855,0.06895399492963666
356,0.00670533175742445,0.06896953880146889
357,0.0066847215078698246,0.06884648536820191
358,0.006659916791926004,0.0688551066943099
359,0.006634652709518958,0.06886712627320071
360,0.006593455963120238,0.06898566399504277
361,0.006550569887230888,0.06874044150756102
362,0.0065261393449323885,0.06865394548127213
363,0.006494298829209779,0.06868888220952829
364,0.006471372367461237,0.06871322760245137
365,0.006448463433476798,0.06869478670764231
366,0.006424825117794665,0.06869037044298375
367,0.0064012194392476275,0.06868692505552429
368,0.006370140452644945,0.06873023414106098
369,0.006343334448161765,0.06876664122478864
370,0.006325474309775987,0.06878323352114582
371,0.006292147981458341,0.06875317344843355
372,0.006274231012755763,0.06872740145214852
373,0.00624191497104165,0.06869420953929803
374,0.006214985042590703,0.06858581057735354
375,0.006184687878661004,0.06860576625052076
376,0.006157164271063602,0.06865637248414395
377,0.006128840017517286,0.06869231159932787
378,0.0061012953003210385,0.06858454368796832
379,0.006072416965346465,0.06853594960563432
380,0.00605010525761787,0.0685044383500866
381,0.0060267508120166735,0.06850928442092388
382,0.006005869058733874,0.06843023630804469
383,0.005980844242830731,0.06842602531237689
384,0.005953179585547038,0.0683827523031459
385,0.0059313534997793,0.0683450179296373
386,0.005905679603560411,0.06824023518761427
387,0.0058793026789132515,0.06825371952367401
388,0.005863552540483768,0.0682333592949209
389,0.00584224333931421,0.06813810235267455
390,0.0058169188729343905,0.06802377819179899
391,0.005801414492657331,0.0680849264458976
392,0.00578102248084383,0.06800875459036793
393,0.005751506237012578,0.06801831961958786
394,0.00572697302678937,0.06785747274555941
395,0.005710452233303411,0.06784522582494942
396,0.005690875012612011,0.06782169285798952
397,0.005668767173444365,0.06770393778266617
398,0.005645374796941904,0.06759920950750024
399,0.005622165309336984,0.06749792884523782
400,0.005600146744923989,0.06751342499646243
401,0.005582382135698913,0.06742978483920652
402,0.005562448125386105,0.06743725528389326
403,0.005548294470673951,0.06741900683733823
404,0.005533974345467192,0.06742846390358147
405,0.0055041088095597445,0.06750529662994605
406,0.005485092795540494,0.06747375080111588
407,0.005469168533091741,0.06747421544321734
408,0.005453975438561591,0.06746341152573343
409,0.005432560320796723,0.067369402519206
410,0.005410577446930475,0.0673205420867681
411,0.005389502346157016,0.06721956121574406
412,0.00536780626470938,0.0672287955344578
413,0.00534720678143727,0.06713145102041565
414,0.005330592174849229,0.06708439940219471
415,0.005312589234854653,0.06706635410425718
416,0.0052924467012181444,0.06697387191167829
417,0.005278207902645141,0.06694864657009383
418,0.005260995717424316,0.06686057173899808
419,0.00524225773080309,0.06674270713400117
420,0.0052218315072589915,0.06675437165861232
421,0.005203917181098829,0.06669099687247391
422,0.00518452593374173,0.0665967419159477
423,0.005164233976058562,0.06663779054022557
424,0.0051451323101067035,0.06654418256745212
425,0.005123869753055603,0.06654704688924835
426,0.00510616801251614,0.06643030704066363
427,0.00509097005259405,0.06640966629232802
428,0.005072595296150943,0.06631845169408108
429,0.005056911826271491,0.06625126916910423
430,0.0050328241898575776,0.0662704651407506
431,0.005016667415412976,0.0661825975193323
432,0.00499807853390597,0.0661459909265606
433,0.004981644200001705,0.06612755360620097
434,0.004962339937518417,0.06621999997027404
435,0.004947289081306303,0.06606978512319372
436,0.0049318263133871654,0.06608477625202443
437,0.004920316963828873,0.06606808884179345
438,0.0049030179531292985,0.06604289587020316
439,0.004885264707633583,0.06600497540856223
440,0.0048709025505183304,0.06585785337472852
441,0.0048525911043705485,0.06586525937693238
442,0.004838974431554462,0.06591669076892144
443,0.004827226618729523,0.06594695453542786
444,0.004810872243080871,0.06585969130179568
445,0.004795477528456361,0.06576848818895377
446,0.0047826908224531,0.06575002444560574
447,0.004766966417502421,0.065653116604458
448,0.004751784184464871,0.06560944575951647
449,0.004738031683004664,0.06552829209754374
450,0.004723860848778153,0.06544277138421406
451,0.004707391826808225,0.06540463459677827
452,0.004689469845700226,0.06541113629071248
453,0.004673815554794616,0.06538301769369527
454,0.00466096100199872,0.0653340471899408
455,0.00464743948276872,0.06525293762370465
456,0.00463154289471828,0.06522430726540815
457,0.004616107192649882,0.06519621038654873
458,0.004600557897121516,0.0651357538130565
459,0.004585731034520057,0.06513217879320003
460,0.00457236574265951,0.06513959222326801
461,0.0045593455919146555,0.065150911191193
462,0.004548187525020707,0.06515099360553858
463,0.0045355202107574145,0.06507377128942124
464,0.004520923347971778,0.06499223774373206
465,0.004506753215225855,0.06498913522079564
466,0.004494124174420893,0.06500393269160921
467,0.004483253614519311,0.0649882608075915
468,0.0044718442704189286,0.06500032849303186
469,0.004455477140745954,0.06494202016635776
470,0.004443019913016502,0.06486407136435438
471,0.004428993792854896,0.0647839870050769
472,0.004415105800468857,0.0647584285971661
473,0.004404398923783056,0.06474239760005815
474,0.004389724880770022,0.06472933853393718
475,0.004377049565728535,0.06473963459166711
476,0.004365571785785376,0.0646655483266968
477,0.004350759265537335,0.06466943922926856
478,0.004340820105559668,0.06466824139696419
479,0.0043231065904927694,0.06469261049061278
480,0.004313122801747956,0.06469121746405485
481,0.004302871814435963,0.06469068643569392
482,0.004292009372937591,0.0645958316534913
483,0.004280669996509224,0.06460750490715218
484,0.004261944264948851,0.06443899477403907
485,0.004250601678631271,0.06436475754491547
486,0.004234991073144445,0.06437012161206307
487,0.004223974566499094,0.06437907913114638
488,0.004214045344661206,0.06436443660454334
489,0.004204127358965471,0.06434989374113999
490,0.004191411887824964,0.06438414165920825
491,0.004177496663860016,0.0643470248395046
492,0.004165306728271184,0.06429463320016741
493,0.004154265860723523,0.0642982488323565
494,0.004144931093090576,0.06426250475482936
495,0.004135348180933425,0.06424862058033798
496,0.004126007959427662,0.06423483113561082
497,0.0041166413799560144,0.06422374119415938
498,0.004107199637885354,0.06421006445499783
499,0.0040982187059417615,0.0642081783683937
500,0.0040875795008563426,0.06410588161274762
501,0.004077503294997091,0.06406259735668966
502,0.004068474404850843,0.0640493075340046
503,0.0040594344622937135,0.06403880488326406
504,0.00405051240433932,0.06402821440797907
505,0.004042202324155618,0.06402292900447784
506,0.004032844203438332,0.0639993935578705
507,0.004023062531901227,0.06394459251392032
508,0.004014104454220822,0.06393168653580109
509,0.004003959221832003,0.06386198499694377
510,0.003994100499931782,0.06383511869908821
511,0.003985993307815924,0.06382997490701484
512,0.00397708223929713,0.06384220646010927
513,0.003967190977677813,0.0637641849798924
514,0.003957412511618093,0.06369590378205574
515,0.00394790845888685,0.06364779467690368
516,0.003938176634597357,0.06358000586090787
517,0.003927134286454585,0.06352632262804905
518,0.003917845074214898,0.06342817053242523
519,0.003907646331836499,0.06342408075153776
520,0.0038992374086403003,0.06341207513701068
521,0.003889650585611458,0.06332495122468419
522,0.0038800214505230685,0.06325809371342987
523,0.0038710631884709638,0.0632859399445869
524,0.0038629700260380314,0.06327416278396102
525,0.0038534724024069794,0.06320770100933722
526,0.0038443782429004765,0.06313828562872822
527,0.0038361785516244176,0.06315038085964333
528,0.0038258973104892922,0.06308286637754597
529,0.003816104586754782,0.06305293908652662
530,0.003806925020385579,0.062987180378342
531,0.0037956042027369615,0.06295782819006572
532,0.0037864171549043682,0.06289263273340105
533,0.003778583112199538,0.06288156061932013
534,0.0037671821675784793,0.06285762568006822
535,0.0037592762029043246,0.06286466097029524
536,0.003751191500577766,0.06287080515400138
537,0.0037421934005763373,0.06280763040823974
538,0.003733736110300686,0.06279281617600685
539,0.0037255384667530603,0.0627578366723599
540,0.003717316348876458,0.0627205687345092
541,0.003709061087216171,0.06267376545945376
542,0.0037016712362800603,0.06267023304662021
543,0.0036949689387888044,0.0626229974016614
544,0.0036870929014625386,0.06262782493079291
545,0.0036787992111472117,0.06256500455324626
546,0.003671323814873941,0.0625546385649063
547,0.003662973217888733,0.06256677534718595
548,0.0036543379869359866,0.06250641275699119
549,0.003643863149753528,0.062479539846962806
550,0.0036328325396338774,0.06252272351790596
551,0.0036234547893435882,0.06249722624848033
552,0.003609839258763898,0.06256796144114361
553,0.0036026092484128867,0.06257994719979472
554,0.0035948335569668424,0.0625465344431517
555,0.003587273380096915,0.06251260342760827
556,0.003580234799016618,0.0625026991610943
557,0.0035724830978082077,0.062414052517710886
558,0.0035644968052099806,0.06235321179053923
559,0.003554131803820069,0.06233061895960643
560,0.00354393164147361,0.06230985575740816
561,0.0035359989614043756,0.062250597765046566
562,0.0035258461317772723,0.062228796323463474
563,0.0035189528252063023,0.06223565500831049
564,0.003511256633043485,0.06217569395398565
565,0.003503970246509282,0.0621441498250094
566,0.003492137186359022,0.062151681241365705
567,0.0034834195356354945,0.06210764863209848
568,0.0034766751167894976,0.06209857801421415
569,0.0034671293669505487,0.062079227371846624
570,0.003459533240089949,0.06202152981358587
571,0.0034530888664368814,0.06201265152885071
572,0.003446413425376871,0.061942935274606155
573,0.003439337141742966,0.06191261981288565
574,0.003431950137218401,0.061855837590981746
575,0.0034225664047033626,0.06183426976456453
576,0.003413870238868661,0.061831008191438636
577,0.0034075861825627073,0.061822480814970326
578,0.003400804352841834,0.06179109965090573
579,0.0033944676931057134,0.061782682512918526
580,0.003385972039285059,0.06174932354807505
581,0.003379562080164342,0.06176105755327495
582,0.0033724335285414847,0.06170429074100722
583,0.003365309327621068,0.06164744935975956
584,0.0033561295646409024,0.06162900011726942
585,0.003349142510006728,0.06157278340503492
586,0.0033424465154516247,0.06155025655257217
587,0.0033354647096825994,0.06149431154668865
588,0.0033247304183270437,0.06141768346526146
589,0.0033192200233111233,0.0613570770850828
590,0.0033133226821955046,0.06134919656061621
591,0.003306780256314458,0.06132078199291463
592,0.003299881029782434,0.06126557114652797
593,0.0032911427314922643,0.06128478133890268
594,0.0032824458996850705,0.06130422381554448
595,0.003276495225551085,0.061231999919745636
596,0.0032696684032296054,0.061178488851608925
597,0.003261543556972131,0.061158163345211916
598,0.0032527883531990255,0.06114106687159443
599,0.0032443815041310665,0.061111655962344504
600,0.003237743186536712,0.061057835907540284
601,0.0032310734704634387,0.061018107292996795
602,0.003224503224878401,0.06096544120725523
603,0.003219006931273185,0.06096528853795979
604,0.003212547043926472,0.06091188095267574
605,0.003206255602078799,0.06085880519205645
606,0.0031998708935552403,0.06080686067224522
607,0.0031943123649309383,0.060800007617931834
608,0.0031881323889037935,0.06077805555218773
609,0.0031816692655526947,0.06073860019609917
610,0.0031756539037081123,0.06070487498030544
611,0.003167868522963598,0.06064966088492824
612,0.0031624780770722538,0.06064528395396138
613,0.0031575680683904343,0.06063941229526482
614,0.003151096981548201,0.06062382148858275
615,0.003145261834464366,0.060585572782434184
616,0.0031398925277026494,0.060579027978622114
617,0.0031298197756639812,0.06063906365308314
618,0.0031237296074398844,0.06058835072476302
619,0.0031160516317132268,0.06060860807560219
620,0.003108484293877837,0.06059005942478788
621,0.0031023072120095977,0.06059752141680359
622,0.0030967036613962252,0.060571734944257334
623,0.0030906624519345884,0.06052177636176334
624,0.0030848385906615465,0.06047106841985663
625,0.0030797699952787266,0.060464945754074184
626,0.0030728154655626787,0.06045144282552952
627,0.0030677653794332856,0.060418627872131286
628,0.0030619858136209308,0.06036902952545588
629,0.003056907296322473,0.060367201881545714
630,0.00305112321785091,0.06031716015844364
631,0.0030444299953467095,0.06030389101971388
632,0.003039012183458032,0.0602562376109154
633,0.003034159654485572,0.060256507354530475
634,0.003026924578502574,0.06016654254845886
635,0.0030183243793822498,0.060228906464934485
636,0.0030128481726857783,0.060159133728274576
637,0.0030081628050858925,0.060116436978155795
638,0.0030026139765761536,0.06009141281097756
639,0.002997455678135612,0.0601027878237848
640,0.002993177295369859,0.06011042654654915
641,0.002987320486070192,0.06016219521302447
642,0.002981111526612789,0.060134135230995735
643,0.002976808057199084,0.060124329092678806
644,0.0029713315240985287,0.06007638508521591
645,0.002966114366185125,0.060051887191757664
646,0.002960728187527289,0.06000410586738497
647,0.0029552692643077566,0.05995646515401342
648,0.0029488135445014797,0.05996015572894584
649,0.0029438364452285086,0.059906318451217896
650,0.002938570604434187,0.05985917968817637
651,0.0029335021431851575,0.05983325250157486
652,0.0029289955020657898,0.05983235012119394
653,0.0029238133745616377,0.059806590595455004
654,0.002919836157094915,0.059808010150518565
655,0.0029151981453409003,0.05974985514132997
656,0.002910068642400993,0.05972634073253055
657,0.0029041472200360056,0.05972859123428622
658,0.002897757651101602,0.05971276263292361
659,0.002892527467623002,0.05965259743827963
660,0.002887418816901611,0.05961923862371424
661,0.0028823106887683153,0.059609101041973346
662,0.002877161806733359,0.05956317341915109
663,0.002870897744189661,0.05957462816009016
664,0.0028658788842644343,0.05957574376448694
665,0.0028612970273906462,0.05951956338646167
666,0.0028561507588654327,0.059492067689934765
667,0.0028516656759281557,0.05948708386156363
668,0.0028469716045751593,0.05949530474903451
669,0.0028416847542308563,0.059507058885852795
670,0.002837380899849614,0.05945648747969913
671,0.002830942529484215,0.05944382630939873
672,0.0028260475274916592,0.05945578259177329
673,0.0028210943166996536,0.059435023781224255
674,0.0028161163766177322,0.05944511983386214
675,0.0028110632572145473,0.059408363217655163
676,0.002806338087315751,0.059389876103213446
677,0.0028016897952918437,0.05935674941138202
678,0.002796910327394131,0.05931221583879539
679,0.002792614904442383,0.059257279851433406
680,0.0027878363863684573,0.059212953570645245
681,0.002783889898277186,0.059219105195262634
682,0.0027779347245771584,0.059230354670081684
683,0.0027732227653268415,0.05918556802405509
684,0.0027676622432680495,0.05918926760135677
685,0.0027635940914167534,0.05913506848797774
686,0.0027582252030670736,0.059110900031224115
687,0.0027538774416794487,0.05907976070177928
688,0.002747991395340595,0.05906856189436504
689,0.0027433827365785585,0.0590468821034719
690,0.002739522147695716,0.05904735930460779
691,0.0027337338309521586,0.05903328314696675
692,0.0027277394998983726,0.05902193840005272
693,0.0027228817691321173,0.058976069836048105
694,0.002718278570896217,0.05898790383523491
695,0.0027140741255578375,0.058943669434302653
696,0.002709555354972386,0.05890086245492316
697,0.002704427031449197,0.05886995594795913
698,0.0027002710062389384,0.05881169953742756
699,0.002695916879011038,0.05876164386533755
700,0.0026901573676947265,0.05868866922975768
701,0.002685888280756464,0.05864519593363018
702,0.0026801704123606543,0.058636097738130125
703,0.0026751453377714058,0.058605882221501995
704,0.00266956138791184,0.05859449636858027
705,0.002665286732393244,0.05855196664582161
706,0.0026601308666486727,0.058568045099587324
707,0.0026558604545254844,0.05852569381427634
708,0.0026516825100748563,0.05850534512222004
709,0.002647559993798175,0.05846764194707523
710,0.0026433689458637832,0.058425630457469395
711,0.002639310203658014,0.05843883138258631
712,0.002634856821160791,0.05848393199126775
713,0.00263082719751529,0.05845383790417778
714,0.0026260059384739,0.058409265724516254
715,0.0026217995858384057,0.058389061764195754
716,0.0026175815643458616,0.05836943693989726
717,0.002612248493632026,0.058361313762243607
718,0.002608731500444362,0.05831743516529432
719,0.0026046451117699935,0.05828784881242719
720,0.0026004522721710657,0.058268532669803676
721,0.0025964615182210477,0.058226120703374074
722,0.0025929692058643543,0.058225813500980626
723,0.002588631716029705,0.05816680259047034
724,0.0025847192625555013,0.05814761647756946
725,0.0025798690267015943,0.058105356591282874
726,0.002575640146349315,0.05808636375785853
727,0.002570504349972916,0.058030370545169505
728,0.002566626259227668,0.05799062915804001
729,0.002562699045521699,0.057951040863380196
730,0.0025580236437066726,0.05796187712144689
731,0.002554026166842977,0.05792245437569253
732,0.002550129563891224,0.05792363304850625
733,0.0025466895541776777,0.05792327537626596
734,0.0025429765443792363,0.05787984639100207
735,0.0025391097812859846,0.05785200286474031
736,0.00253526033187646,0.05781228282433916
737,0.002531234549224994,0.05777333412853464
738,0.0025275329033693887,0.05773377950843462
739,0.002524011725420929,0.057698758819801244
740,0.0025205715764501794,0.057695050203084824
741,0.002516873582093498,0.05765448899962061
742,0.0025136680348305496,0.05765091383916874
743,0.002510044301743619,0.057622940289985755
744,0.0025062637019991844,0.05758457991663141
745,0.0025024918712602136,0.057546319463030744
746,0.002498664878764757,0.05750808211315358
747,0.0024951700856445202,0.057492732504345036
748,0.0024913112464071134,0.05750385064806779
749,0.0024877290896007397,0.057476267325641366
750,0.0024840265922624082,0.05746026705226745
751,0.0024802966435365312,0.05747134592581175
752,0.0024764789345225633,0.057451837445360525
753,0.0024724727522335323,0.05739781906569136
754,0.0024687516384058993,0.05736006096052414
755,0.002463993097122925,0.05730781040918811
756,0.0024604231921752716,0.05726846405774228
757,0.0024555043160046103,0.05718897367055667
758,0.002452049492548099,0.05714993369821025
759,0.002446790690860292,0.05715453764749246
760,0.002442666695696304,0.057151625463520456
761,0.0024390345140306783,0.05711460587920354
762,0.0024354199276585813,0.057077680228037844
763,0.0024319043415948673,0.057040806034909665
764,0.0024284541523362986,0.05700406857728886
765,0.002424879322010081,0.05696738084914749
766,0.0024219212741482875,0.05696406252664916
767,0.0024183648318569758,0.05692756798249788
768,0.0024156601527281114,0.056884208339715046
769,0.0024116544977592163,0.05682235636233334
770,0.0024081888199259565,0.056786117112367564
771,0.002404699105317397,0.056749971819202875
772,0.002401371633996595,0.05670907388021068
773,0.002398546004187131,0.056708838650047465
774,0.002395498196981235,0.05668025350694347
775,0.002392105438012441,0.05664438462191579
776,0.0023874158948667865,0.05656903216503187
777,0.002384064705133857,0.0565333948804618
778,0.002379283524379658,0.05645740132165618
779,0.0023751981867520563,0.056401794753247456
780,0.002371140985946344,0.05640505865045514
781,0.002367234941470052,0.05640652547411334
782,0.0023640124053619736,0.05637133811070891
783,0.0023606191014968916,0.056336212934066376
784,0.0023571383953777604,0.056336737572238366
785,0.0023543126869025642,0.05633625335030932
786,0.002350936184166464,0.05630138202628356
787,0.002347933444455505,0.056279272438630915
788,0.002344878012366242,0.05626820293909223
789,0.0023400631755226674,0.0561932177790525
790,0.002336168963710315,0.0561860880998057
791,0.002333499432508982,0.05618290734029823
792,0.002330213291829561,0.05614846291928649
793,0.0023270311554672404,0.05611410092070189
794,0.0023224174844421,0.056056912531327864
795,0.0023191922040705164,0.056039270912310354
796,0.002315372547554877,0.05603893700027562
797,0.0023121429546929732,0.05600488824918565
798,0.002307781570933732,0.055932264151377364
799,0.002304704966554976,0.05590864398271704
800,0.002301037041507411,0.05591197811664232
801,0.0022979283079585804,0.05587716296711131
802,0.0022946641600262692,0.05588477579404449
803,0.0022906880385784915,0.05588565743020564
804,0.002287052170795327,0.055848895702516256
805,0.002284453745232895,0.05580599689376216
806,0.0022809513723793663,0.05574965894174635
807,0.002277715845893975,0.05573395827235963
808,0.0022747378540453034,0.05568341407902159
809,0.002271883783994065,0.05566671628270136
810,0.0022686159225481888,0.05565116366424934
811,0.002265652158096362,0.0556164746510423
812,0.0022632264669342444,0.05561277073552224
813,0.002259259679810711,0.055567208482180684
814,0.0022562195562295306,0.05553276406083494
815,0.002252893614211839,0.05556966452742674
816,0.002249943988564513,0.055536988131420106
817,0.0022471378686750184,0.055514306186198355
818,0.0022433312257343655,0.05551580915460453
819,0.0022408206377025866,0.05551290858773372
820,0.002237797634609779,0.055497686511086594
821,0.0022336104525393216,0.05542816785240426
822,0.0022309394358329404,0.055427862627636125
823,0.0022280942824766527,0.055395702188006705
824,0.00222565065253888,0.05539283677928934
825,0.0022230032823389524,0.05536163446299316
826,0.0022200853456040017,0.05532957276925032
827,0.0022171428190498137,0.05531313546942268
828,0.0022144912413539467,0.05531346332635998
829,0.002211477476628133,0.05531802735207021
830,0.002207806311022037,0.05531093395785574
831,0.0022041842207716194,0.05531431363803551
832,0.0022010717615055394,0.05530710289123138
833,0.0021978261605762445,0.055283675989579104
834,0.0021945216532094714,0.05523166679466436
835,0.0021907666602461145,0.0552395763256205
836,0.0021869080819825423,0.05517256492426605
837,0.002184536108450536,0.05513497710931264
838,0.0021816967438390107,0.05510368917861574
839,0.0021790243993504176,0.05507093757144397
840,0.002176403232809147,0.05503871158250459
841,0.002172370468120291,0.054972412050448664
842,0.0021695906114491265,0.05494145117497593
843,0.0021666568313787344,0.054889068299127625
844,0.002163881371271669,0.05487605467689396
845,0.0021605624015070724,0.05483110986874101
846,0.0021578464879082803,0.05480147850406968
847,0.0021544420393753093,0.05476863733927097
848,0.002150942738754857,0.054788728193710126
849,0.0021479439072115665,0.0547378084046241
850,0.0021437619476420305,0.05472447937743833
851,0.002140808846114982,0.05473337123576299
852,0.002137603350050581,0.05472328456471417
853,0.002135203247026012,0.05473511596273458
854,0.002132203844115468,0.054709809191352564
855,0.0021290222596941277,0.05467663752800589
856,0.0021264649964476225,0.054647503095952024
857,0.0021238442982360836,0.05461636796112243
858,0.002120794631658329,0.05460086183605677
859,0.002118195224962366,0.05456930086659729
860,0.0021159118333857617,0.054569401091197275
861,0.002113467922549772,0.05454883483557891
862,0.002110546936388048,0.054498250973498905
863,0.002107222205274716,0.05450407888476465
864,0.002104955750384054,0.05450478422619121
865,0.002101818257661008,0.05450519334053574
866,0.002099285621058269,0.054475596523682696
867,0.0020970817360586387,0.05443986466094257
868,0.002092881074574011,0.05440756931829854
869,0.002089989911619697,0.05444284411568693
870,0.0020872048164369463,0.05443670326214158
871,0.002084762898501758,0.054406218314290544
872,0.002082316953919983,0.054379844639062966
873,0.0020795874811027513,0.05433893789103661
874,0.0020760259210914236,0.05427629938475394
875,0.0020729549991466163,0.05428029278070337
876,0.0020698485055609325,0.054278015706737855
877,0.0020673836317837858,0.05427117464319406
878,0.0020648811687373793,0.05424201621230147
879,0.0020623800955589834,0.05422825161882261
880,0.0020588650760237437,0.054217248251511106
881,0.0020565505211115167,0.05418724368961277
882,0.002052928337607872,0.05414097287063961
883,0.0020490246715691865,0.0541751239106682
884,0.0020470164926445983,0.05417178887674811
885,0.0020445740390637283,0.054141534914218276
886,0.002041820969657738,0.05414331858755438
887,0.0020390277180019744,0.05412868115550189
888,0.0020358622717969394,0.054101897169465
889,0.0020328157478991856,0.05407520651112889
890,0.002030226798551066,0.054057567884823306
891,0.0020278714729793494,0.05402809019868278
892,0.0020243259459764703,0.053982632319378755
893,0.0020220175151790614,0.05395283586197015
894,0.0020196072189114568,0.053954756080917494
895,0.0020162149590484497,0.053917320834975885
896,0.002013671236874964,0.05391498978636768
897,0.0020113631750344274,0.05388579673247082
898,0.002008389556160809,0.05388758754880424
899,0.0020044244814312316,0.053852943790587145
900,0.002001166419259302,0.05379304384444796
901,0.0019985436177801133,0.05380470420282332
902,0.001996342419334437,0.053775755199186225
903,0.0019933897302421106,0.053749709148281914
904,0.0019911602049457445,0.05372084095728874
905,0.001988043524770346,0.05369492276645393
906,0.001985835784260345,0.05366621428796894
907,0.001983401018004434,0.053633771453379046
908,0.001980582993865539,0.053600807640196486
909,0.001976583117857111,0.0535193737199438
910,0.001973885279160202,0.0535227396919977
911,0.0019715741877105375,0.05350706070615726
912,0.001968425812858924,0.05346216945508399
913,0.001966076701524278,0.05343014358147885
914,0.0019637980864270566,0.05343225237269442
915,0.0019612912290936225,0.05342516518306283
916,0.0019591889420793505,0.05339894621693171
917,0.0019569895247667506,0.05337073713714225
918,0.001954076774206302,0.053350734606006825
919,0.0019512988469269682,0.053318379565311186
920,0.0019485629113159919,0.05328311411982654
921,0.001946111114516064,0.053284928558625266
922,0.0019438351824504498,0.053256995033339936
923,0.0019431888535852181,0.05325471508804777
924,0.001940342359816084,0.05325496517078374
925,0.0019377065547596787,0.0532362658306522
926,0.0019346926468985228,0.05322286999654972
927,0.0019322188582409669,0.05321720442310427
928,0.0019301456138964123,0.05318952274891092
929,0.0019269716841738538,0.05315426699510253
930,0.0019240557985829444,0.05310725106035202
931,0.0019218134426956992,0.05306296768407693
932,0.0019217837061237745,0.05306261764920205
933,0.0019196772116847212,0.05305138748452857
934,0.0019176104453262535,0.05302392267366583
935,0.0019150927543231972,0.0530255791411713
936,0.0019122956974305496,0.053025471472405335
937,0.0019091638738703903,0.05296759809578395
938,0.0019068055959321072,0.0529692649882991
939,0.001904199828376964,0.052935061110919786
940,0.0019014888333255188,0.05290056873717095
941,0.0018985459773785897,0.05285821209136792
942,0.0018961439753468728,0.05285280822017143
943,0.001893344884921915,0.05282372807701255
944,0.0018905194997909868,0.052800508339184885
945,0.0018878765972780889,0.05278623015032673
946,0.0018847399061912339,0.052767009804250586
947,0.0018823966847887504,0.05273243760447049
948,0.0018798572161151802,0.05271865065663178
949,0.0018770783759789055,0.052685892089599735
950,0.001874381657850628,0.05269045040264384
951,0.0018719732733631239,0.05265349517894689
952,0.0018690865983760148,0.052610351658974874
953,0.0018670154738790426,0.052583896832802915
954,0.001864464751985277,0.05254720237125777
955,0.0018625039112948286,0.05252043043948593
956,0.0018603899693349945,0.05251599232284475
957,0.0018583815384737028,0.05250512838381348
958,0.0018557348416111726,0.052467323858411956
959,0.0018557153806126787,0.052467385163030615
960,0.0018540585766806015,0.05245665907382256
961,0.0018518993563831653,0.05247033332899252
962,0.0018492505017455672,0.05246930935875402
963,0.0018470743709840995,0.0524512030341441
964,0.0018446096077161184,0.05241500331948489
965,0.0018417484388563755,0.05237432303214542
966,0.0018389611730544456,0.05235592984471833
967,0.00183707963848745,0.052329928908958843
968,0.001834748351932526,0.05229993631644531
969,0.0018320117680319474,0.05228188540499683
970,0.0018299985842447396,0.05228384529857246
971,0.0018281731901839513,0.052264549420463664
972,0.0018258364191224734,0.05222881136551077
973,0.0018258008994984675,0.05222873456276055
974,0.0018234112939907211,0.05219309821067135
975,0.0018209606877793978,0.05219917661742647
976,0.0018190385080409444,0.05217345124766802
977,0.0018175586546864588,0.052143215346310445
978,0.0018147746017623994,0.052089722772720747
979,0.0018129320422766394,0.05206419331572085
980,0.0018111378557764876,0.05202797822756495
981,0.0018110962566540492,0.05202784552835363
982,0.0018092578129053302,0.05200206473368299
983,0.001807666052725453,0.05198043060667288
984,0.0018061436310696272,0.05195883285734987
985,0.0018038572131571858,0.05194588853054712
986,0.0018019624787933832,0.051920244547416415
987,0.001799416318480301,0.05189075337131654
988,0.0017973620496908873,0.05186243742854608
989,0.0017958886776669384,0.051831936081848044
990,0.0017938292055182422,0.051792467875002385
991,0.0017915183468280623,0.051788580830635686
992,0.001789876294375254,0.051790984520387835
993,0.0017875982593977824,0.051778218705078496
994,0.0017858553537045785,0.05177760686061464
995,0.0017849208479607706,0.05179291998196582
996,0.0017849130444339656,0.05179292284099737
997,0.0017848947492964944,0.0517929386430533
998,0.0017825691753111479,0.051794507254567
999,0.00178142802077226,0.051779123137594495
1000,0.0017792717616650455,0.051744681299821606
1001,0.0017774308327053762,0.051719839507793845
1002,0.0017747307671384868,0.05166864148549002
1003,0.0017729627952198237,0.05164392568695862
1004,0.0017711112014496754,0.05163363783096939
1005,0.00177032409184174,0.051623558700142146
1006,0.0017680581146737328,0.05161074046137565
1007,0.0017668286551995212,0.05159279009432563
1008,0.0017667249199683256,0.05159241765512842
1009,0.0017650177656979731,0.051578988763272264
1010,0.001762468906342619,0.05156234630798649
1011,0.0017601420701476279,0.051523437267733
1012,0.0017584325300747628,0.05149860741246989
1013,0.001757652369202035,0.051488031377319186
1014,0.0017553674403169878,0.05145427047184678
1015,0.00175383921511543,0.05143499861955976
1016,0.0017523072017906097,0.05143630984263783
1017,0.0017507449590144473,0.05141557389138573
1018,0.0017482613566377676,0.0513992847208564
1019,0.0017482935373621827,0.051399278947998
1020,0.0017459505932999908,0.051365756527479586
1021,0.0017436001660666044,0.05134955323584572
1022,0.0017417007342449442,0.05133328378616452
1023,0.0017407299062802996,0.05131838385600709
1024,0.0017386581875030338,0.05132008107226318
1025,0.0017375089708828962,0.051305216289345215
1026,0.0017349978920352966,0.05125553538602955
1027,0.0017332458736054475,0.05123156269446058
1028,0.0017316873219990784,0.051233958837686576
1029,0.0017294714148403977,0.051240106472616065
1030,0.00172746509945044,0.05123652862463664
1031,0.0017254488042218173,0.0512177459035505
1032,0.0017239393746866878,0.051215870295686465
1033,0.0017220888303622402,0.051201444923092886
1034,0.001719900404370941,0.05115234370324168
1035,0.0017184874548520984,0.05113190892278154
1036,0.0017166782794167312,0.051134744208457664
1037,0.0017166600298207063,0.0511347389114196
1038,0.001714736979635783,0.0511195739938041
1039,0.0017147024744474909,0.05111921537239779
1040,0.0017129014943732623,0.05109281115437215
1041,0.001711509019256829,0.05106391841505258
1042,0.00170983423819466,0.05104042474554812
1043,0.0017092548077570248,0.05104152560413581
1044,0.001707181145818756,0.05100891886049524
1045,0.0017052945668250094,0.050998229846920366
1046,0.0017037232980900046,0.05099694078337817
1047,0.0017014046484324968,0.0509815931348626
1048,0.0017013660823703746,0.0509814562297398
1049,0.0017011896363777748,0.0509781447308457
1050,0.001699535432862275,0.05096542605032472
1051,0.0016973920412416271,0.05096191415663347
1052,0.001696891180685924,0.05096074147060747
1053,0.0016947080463260381,0.050962575093429024
1054,0.0016930568517125404,0.05094982913365651
1055,0.0016919677412623544,0.05093548559282129
1056,0.0016906998154902512,0.0509157118644309
1057,0.0016892111387652002,0.050894570776407744
1058,0.001686913995593126,0.05084674288312524
1059,0.0016866524742653224,0.05084716920177407
1060,0.001684300891560056,0.05082979265518277
1061,0.001682357228818477,0.050797804581801234
1062,0.0016798738513382672,0.050782858971703225
1063,0.001679885508667639,0.05078282502930488
1064,0.0016798684257865386,0.050782752058710176
1065,0.0016776561738270242,0.05076796556373783
1066,0.0016757915645961884,0.05073023659458066
1067,0.001674442355668179,0.05070257569778924
1068,0.0016729445207717744,0.05067474100079468
1069,0.0016710280819595643,0.05068086925495898
1070,0.001669831994723433,0.05066553346055364
1071,0.001668272916544092,0.050642473573124985
1072,0.0016668644453148975,0.050644891967798415
1073,0.0016651500243197474,0.05060919579087666
1074,0.001663132295852002,0.05059059460199819
1075,0.00166176806778199,0.050563605900995436
1076,0.001659958186916737,0.05053661431140586
1077,0.0016584177157092466,0.050540048125982485
1078,0.0016578531844937355,0.05053225392173775
1079,0.001655948028450292,0.050500977084278455
1080,0.0016559044408744593,0.05050063068379303
1081,0.001653942702056881,0.050496975039120005
1082,0.0016519229365344794,0.05048879776364577
1083,0.0016498464962477798,0.050473650535275534
1084,0.0016485411913908646,0.05046327093359555
1085,0.0016471713348072646,0.05043653885346373
1086,0.0016460509970499554,0.050420272197036556
1087,0.0016454247428897841,0.050424338559981144
1088,0.0016448288139247298,0.05041672768870556
1089,0.0016436792037980335,0.050400475514580025
1090,0.0016424162442850582,0.050381521872589353
1091,0.0016405373542707055,0.050370295510909914
1092,0.0016392128317062413,0.050351108254782465
1093,0.0016388494855041722,0.05034590764562084
1094,0.0016368941698450491,0.050334697055937204
1095,0.0016355522224650557,0.050333426082925965
1096,0.001634656034155537,0.05031979425264049
1097,0.0016330283080099018,0.050310591615365816
1098,0.0016310987708195509,0.050312585576703414
1099,0.0016311092635687534,0.050312589597571275
1100,0.0016300283423422842,0.05029652412226321
1101,0.001629186327557659,0.05028277089960505
1102,0.0016279858034105531,0.05026674453240843
1103,0.0016259986757882017,0.05024754059533559
1104,0.0016244856156925397,0.0502383980416067
1105,0.0016223748988854188,0.050224662201442415
1106,0.0016202276287702012,0.05021113687195435
1107,0.0016202414682464307,0.0502108809180196
1108,0.001617558005116174,0.05014961478645987
1109,0.0016156598286195727,0.050121799021869314
1110,0.001614008805853876,0.05012155041785688
1111,0.0016128656718631452,0.0501023801551757
1112,0.001611475329562933,0.0500807091998035
1113,0.001611411160526713,0.05008063469619394
1114,0.0016092672279057058,0.050067275855611666
1115,0.0016082822084792635,0.05005154621368713
1116,0.001608010091435894,0.050048628914348414
1117,0.0016079813035492201,0.05004859466806141
1118,0.0016076963990370283,0.05004368000363916
1119,0.001605646901621374,0.05003056454023046
1120,0.001603893294168635,0.05002651141467673
1121,0.0016033896678417676,0.05001876844467085
1122,0.0016034157209645974,0.050018734340298535
1123,0.001603396306076818,0.05001860845731474
1124,0.001602250849828124,0.05001658596796259
1125,0.001600271527902912,0.05000358573998891
1126,0.0015988997533306318,0.04998427640980987
1127,0.0015968073915942369,0.04997142700951863
1128,0.001596555813636362,0.04996642495164425
1129,0.0015965554097406613,0.04996647950292014
1130,0.0015953346572216932,0.049948286665671915
1131,0.0015953294965219376,0.049948015690856225
1132,0.0015943215586117544,0.04995071807355226
1133,0.001592893418352163,0.04992300162989545
1134,0.001591062266180351,0.049925071523488365
1135,0.0015893024719755159,0.04989530660176437
1136,0.0015881654777011064,0.049895916564144265
1137,0.0015866849197172686,0.049882900461466415
1138,0.001585104710680477,0.04987184881319092
1139,0.0015848419897980968,0.04987287496560646
1140,0.0015843778158837478,0.049865658940848025
1141,0.0015830860646415393,0.049850171432969
1142,0.0015817557888937782,0.049830901184318634
1143,0.0015807256955681322,0.049827282317799815
1144,0.0015807609232999316,0.04982725920894149
1145,0.0015790812002970554,0.04982946144277404
1146,0.0015768540573875935,0.049785351310586326
1147,0.0015756766311326212,0.04978328080347222
1148,0.0015756351429818787,0.04978291410355094
1149,0.0015738714343474262,0.04978396514778063
1150,0.0015730083317206695,0.04977366004817638
1151,0.001573035552127692,0.04977365690332124
1152,0.0015722635618529413,0.04976200681392131
1153,0.0015705198428179717,0.049764258064959585
1154,0.0015705225999255877,0.04976388792424363
1155,0.001567793480018985,0.049777448040913795
1156,0.0015671419092265588,0.04976774708418641
1157,0.0015654330845813501,0.04975718771857633
1158,0.0015641327175201592,0.04975054433599422
1159,0.0015627784079501764,0.04973304768008583
1160,0.001561070949850777,0.04973536117496523
1161,0.0015610778391330496,0.04973534475858821
1162,0.0015591810562758603,0.049723320286880514
1163,0.0015591997100522202,0.049723259905171686
1164,0.0015592210521970756,0.04972312882327879
1165,0.001557228505356103,0.04968637058088116
1166,0.0015558186826311235,0.04966900618917358
1167,0.001554458252610986,0.049660490279661997
1168,0.001552611234279641,0.04964864379357019
1169,0.0015520762335076417,0.04964274436176049
1170,0.0015506876409418133,0.04964195112852056
1171,0.0015506755781512535,0.04964192181693986
1172,0.0015493109067815155,0.049621404594608357
1173,0.0015479085493135757,0.04961340021474525
1174,0.001547906093206456,0.049613154754455546
1175,0.0015478738521396247,0.049613145264827276
1176,0.001546796267446726,0.04962017967677312
1177,0.0015459522620561615,0.049607577401583024
1178,0.0015445540170875506,0.04961047936527496
1179,0.0015438489571194083,0.049600066838176145
1180,0.0015438971150640004,0.04960000202687078
1181,0.001543262529363093,0.04959071501919735
1182,0.0015426303337875771,0.04958302768345874
1183,0.0015411453395331913,0.04956591759283281
1184,0.0015391782744300056,0.04952262866071973
1185,0.001539133209888146,0.049522557515202584
1186,0.0015383340918191726,0.04951006490377364
1187,0.0015372364413516065,0.04948760977508917
1188,0.0015362293175303532,0.049489690819983584
1189,0.0015350947463810944,0.0494860390453021
1190,0.0015335892887182892,0.049478806680178344
1191,0.0015335488379518798,0.04947867644107595
1192,0.0015334820784612736,0.049478356387863104
1193,0.0015320211475243117,0.04946736349671343
1194,0.0015315307926508702,0.04946806615009321
1195,0.0015297829579322287,0.04945800075002765
1196,0.0015285509716193384,0.04943746655362368
1197,0.0015285519864820035,0.04943740270969118
1198,0.001526657416031828,0.04942605312229799
1199,0.0015247977052994294,0.04941482160344437
1200,0.0015240577845995014,0.049401646461037965
1201,0.0015228709175671544,0.049384613774954976
1202,0.001522885265399777,0.04938462222796315
1203,0.001521950735977975,0.0493700848861574
1204,0.0015214415730209453,0.049360781817396004
1205,0.0015214215552782717,0.04936065816310988
1206,0.001520276311010778,0.04934368536082191
1207,0.001520143771988982,0.04934057643316882
1208,0.0015194090417508562,0.04932905156581954
1209,0.0015179152137723417,0.049325300035134655
1210,0.0015162920272016208,0.049285211121526215
1211,0.001514596445795489,0.049257170235051294
1212,0.0015138100814662046,0.049256388544933534
1213,0.00151156096315452,0.04920004542705072
1214,0.001510606931337761,0.04919906027331352
1215,0.0015100066156284815,0.049190118652923595
1216,0.0015091959809994582,0.04917872115801436
1217,0.0015087204688482845,0.04917201890702728
1218,0.001507109742257135,0.04917822647402003
1219,0.0015056309660645896,0.049193403722566705
1220,0.0015040598810786463,0.04919112490703033
1221,0.0015026615066015478,0.04918436572965819
1222,0.001502039094040259,0.049185691706224825
1223,0.0015004337705325388,0.049182567047653655
1224,0.0014985831029081837,0.049171811179828676
1225,0.0014969895572367713,0.04916901771918751
1226,0.0014969871813964501,0.049168770223573424
1227,0.0014958535795862,0.04915215219471213
1228,0.001495842680237273,0.04915216647443235
1229,0.0014958152187452196,0.049151665426023686
1230,0.0014958128870231745,0.04915165426069593
1231,0.0014958128870231745,0.04915165426069593
1232,0.0014957775070121647,0.04915165558803948
1233,0.0014943339424518059,0.04912364856414881
1234,0.001494309862412132,0.04912365959689641
1235,0.0014926351517257292,0.04913259890437394
1236,0.0014921816288704772,0.04912983293081247
1237,0.0014921956658827296,0.049129818898293945
1238,0.0014921956658827296,0.049129818898293945
1239,0.001490547286726826,0.04910232498130907
1240,0.0014893452859694857,0.04909985805771094
1241,0.0014893428026976048,0.049099611611306514
1242,0.00148901579792917,0.04909507025414388
1243,0.0014883619030286593,0.04909664275992934
1244,0.0014868787765962045,0.04906486982709485
1245,0.001485926276573104,0.04907109054879151
1246,0.0014845731540693797,0.04906399320003887
1247,0.0014826823112577335,0.04905340147233023
1248,0.0014812580213673108,0.04903974966820053
1249,0.0014798332919307739,0.049010388579479855
1250,0.0014794947566196418,0.049011178127542625
1251,0.0014781782207973551,0.049002730163913245
1252,0.0014782089367950072,0.04900266932113646
1253,0.001476842861823666,0.04899475287702638
1254,0.0014761566435792972,0.04898931762144231
1255,0.0014750814131834808,0.048966043965376536
1256,0.0014750983588709746,0.04896580137696113
1257,0.0014750435167229347,0.04896573985550325
1258,0.0014737446419446397,0.048961105916511226
1259,0.00147342853994074,0.04895514955218942
1260,0.0014734401541480551,0.04895514924464149
1261,0.0014730679137371242,0.048949147515602955
1262,0.0014730196609382385,0.04894896162903143
1263,0.0014714534851245089,0.048951508977433104
1264,0.0014714534851245089,0.048951508977433104
1265,0.0014699455400448392,0.04892450011537782
1266,0.0014681305846705756,0.04891431002323409
1267,0.0014671940021478732,0.04890266601193905
1268,0.001465610025677156,0.04889251282490292
1269,0.0014655692216799046,0.04889252861059439
1270,0.0014655855437342197,0.04889252109807628
1271,0.0014642692438201822,0.04888132486751876
1272,0.0014627814690470308,0.048852453746077565
1273,0.001461572718300201,0.04884343115134882
1274,0.0014610917234748049,0.048836996475415444
1275,0.001460522056215962,0.04882808911126365
1276,0.0014589191467606823,0.048818143807569506
1277,0.0014584136860919627,0.04881172889127628
1278,0.0014584113543699177,0.048811721440011495
1279,0.0014569795979593918,0.04880521606505717
1280,0.0014570121050167322,0.04880497445047359
1281,0.001457007348194888,0.04880485182114646
1282,0.001456600222146693,0.048798355208539465
1283,0.001454886688088997,0.04878845233787628
1284,0.0014540146419761103,0.04877479049746195
1285,0.0014526323744767314,0.048743692593406295
1286,0.0014525831308311778,0.04874373203983089
1287,0.0014525639667059863,0.048743196692738466
1288,0.0014525346234983032,0.04874286902734097
1289,0.0014512159836078337,0.04873479363463169
1290,0.0014511762497634092,0.04873465766909464
1291,0.0014505180029151848,0.048736241184019605
1292,0.0014487301064359166,0.04872651952073805
1293,0.0014487174086268162,0.04872673904354485
1294,0.0014481594748191608,0.04871805100288114
1295,0.0014467968954384488,0.04870417909678842
1296,0.0014456404687178976,0.048694895098278644
1297,0.001444397073721258,0.04868821780043895
1298,0.0014443951006381018,0.0486880538528368
1299,0.0014439178310318458,0.04868134798095727
1300,0.001443482523669903,0.048675013624112556
1301,0.0014434906383372916,0.04867465627862694
1302,0.0014430999458843756,0.04866833010950134
1303,0.0014430975192368787,0.048668372887704814
1304,0.0014429933645262686,0.048665966583715255
1305,0.0014416816919255878,0.04865720662425329
1306,0.0014402343072384268,0.04864216560385224
1307,0.0014387664521515226,0.04861587623851667
1308,0.0014373975100259303,0.04858914501741129
1309,0.00143615425257869,0.048592608445318215
1310,0.0014350103803006317,0.048594853393196184
1311,0.0014332848305948884,0.048596652902770286
1312,0.00143157096098924,0.048587179445265596
1313,0.0014304548510080453,0.04858742336193887
1314,0.0014293805439116816,0.04856825620064846
1315,0.0014281440749151057,0.04854815715270182
1316,0.0014281697238576006,0.048548135815322226
1317,0.001426584181828512,0.048518135875197495
1318,0.0014262564940095428,0.04851183602362349
1319,0.0014251640939904025,0.04848879996218544
1320,0.0014245814456226428,0.04847820359809751
1321,0.0014245044645145456,0.04847758047033597
1322,0.0014229495846339066,0.04844462003367391
1323,0.0014222081800655765,0.04844644176414198
1324,0.001421581060742455,0.048428453240128275
1325,0.0014199686536185722,0.0484191094062525
1326,0.0014187330748149521,0.04839584036523376
1327,0.0014173808857329785,0.048398455647354184
1328,0.001415820643311471,0.048372742856284054
1329,0.0014157522797301608,0.048372972381565196
1330,0.001414547998093531,0.04835716336214121
1331,0.0014145455610568916,0.048357206308460104
1332,0.0014145455610568916,0.048357206308460104
1333,0.0014144919314498564,0.04835714892125655
1334,0.0014134012800621433,0.04834969001475644
1335,0.001411712900697724,0.04834021176883728
1336,0.0014106591194157927,0.04832508006315905
1337,0.0014106149758073652,0.04832465965097969
1338,0.0014086748421187046,0.04827465584965878
1339,0.0014078589310506098,0.04826158107248801
1340,0.0014073291070246102,0.04825318883604976
1341,0.0014057643655885391,0.0482091030924704
1342,0.0014047170435246377,0.04818416990091308
1343,0.0014032984639089305,0.048158757125069035
1344,0.0014028515512522761,0.04815066540226805
1345,0.0014028593089530008,0.04815068488698782
1346,0.0014028359920171848,0.04815062822908489
1347,0.0014014522510563355,0.04812528380212451
1348,0.001399569708155468,0.04807728097813396
1349,0.0013983212178893226,0.048048488043463414
1350,0.0013971891941435516,0.048020096875955626
1351,0.001397177178032974,0.04802009931919272
1352,0.0013968317529948287,0.04801942341187406
1353,0.001396785403152388,0.048017492125345715
1354,0.001395617536402764,0.04800331549449354
1355,0.001394403084809721,0.047986417558472175
1356,0.001394367703802492,0.04798624961094758
1357,0.0013943481716099093,0.047985017526691875
1358,0.0013931295015803063,0.04796257211952599
1359,0.0013922299220163231,0.047947547856815695
1360,0.001392146122695515,0.047946208957304344
1361,0.001392134059904955,0.04794622211588427
1362,0.0013912573700766752,0.04792769116414347
1363,0.0013899373476297314,0.04790267033041591
1364,0.0013887943515441925,0.047904945756057346
1365,0.0013882044538676803,0.04789519334067293
1366,0.0013880531163686946,0.04789568136198099
1367,0.0013880228039821094,0.047895673613303276
1368,0.0013880318540636868,0.04789522977375906
1369,0.001388029118161307,0.04789521211179162
1370,0.001388025978078592,0.0478951242442933
1371,0.001388014319610684,0.047895081661618724
1372,0.0013873080016312492,0.04790409157119855
1373,0.0013873052657288692,0.047904074905055244
1374,0.001387195012164712,0.047904450754834384
1375,0.001386984108410967,0.04790112366900351
1376,0.0013862672370197001,0.04789098927778417
1377,0.0013852262853680083,0.04788992412251848
1378,0.001383979418814526,0.047870272749406785
1379,0.0013826216511722384,0.047868843728160575
1380,0.0013826021434937621,0.047868879909605914
1381,0.0013820330665659155,0.04786095089115074
1382,0.0013820702809009878,0.047860909791627056
1383,0.0013820593839714505,0.04786089576853154
1384,0.0013820117894599378,0.04786081586906368
1385,0.0013820167520544025,0.047860860165696344
1386,0.0013806805874418562,0.0478521922918951
1387,0.0013802108087097034,0.04784763722491845
1388,0.0013786056357200204,0.047806234062723434
1389,0.0013774938612311344,0.0477990677050419
1390,0.0013767151106844888,0.04777688715894778
1391,0.001376153477986342,0.04776202430206506
1392,0.0013756087221832,0.047752014161466086
1393,0.0013755472866655498,0.04775189127839532
1394,0.0013755460171977372,0.04775188085932171
1395,0.0013754946455925311,0.04775133286515545
1396,0.0013742574936699483,0.04770637344205735
1397,0.0013731959586721688,0.04769700161139225
1398,0.0013728068680506744,0.04769079690005788
1399,0.001372809152523469,0.04769037771538253
1400,0.0013728172199060278,0.0476901594015285
1401,0.0013715944201211573,0.04768557962754895
1402,0.0013700378257651758,0.04764763727138181
1403,0.0013691252817077879,0.047628934033857935
1404,0.0013691206182636978,0.04762888182910029
1405,0.0013684610584164425,0.04762313931598987
1406,0.0013673182130090479,0.047625410317990696
1407,0.0013656986164029296,0.04758904676054134
1408,0.0013656285920887411,0.04758925554299919
1409,0.001364221456931724,0.04756575493322014
1410,0.0013632139171178231,0.04755867932219199
1411,0.0013618769578781994,0.04753435423427074
1412,0.001360342727663379,0.04752771034937538
1413,0.001359504327410832,0.0475312573204316
1414,0.0013590610476807306,0.04753564089228702
1415,0.0013585086073811805,0.047532522969434374
1416,0.001358469325606768,0.04753247011938745
1417,0.0013584727286913348,0.04753225437954569
1418,0.0013584355718523383,0.047531929699738275
1419,0.0013569841638808298,0.047523649666812426
1420,0.001355872102036092,0.04751212532248435
1421,0.0013558626209474215,0.047512060225531505
1422,0.0013558488502103123,0.04751190259270838
1423,0.001355670598641688,0.04751040708380729
1424,0.001354813931590546,0.047502862170441425
1425,0.0013537134269907363,0.04750511612760361
1426,0.0013536857782806438,0.04750472640243516
1427,0.0013526777961632365,0.04749684142022344
1428,0.0013526909781348365,0.04749679006920997
1429,0.0013523212158545843,0.04749165386452943
1430,0.0013523522894949057,0.047491613794088346
1431,0.0013523530500370571,0.047491608785165965
1432,0.0013514930520027086,0.047485156936942434
1433,0.0013515202228834085,0.04748511582335117
1434,0.001351473343763973,0.0474848505852663
1435,0.0013514823128671664,0.0474848159113126
1436,0.0013505531249944722,0.04747569300421559
1437,0.0013505085904411925,0.04747525861377678
1438,0.0013496887986014555,0.04747719444601059
1439,0.0013493597833382782,0.04747369984590051
1440,0.0013483020457143674,0.04746774357149385
1441,0.0013482702303533203,0.047466282873969264
1442,0.0013482445814108253,0.047466269510824326
1443,0.0013477173196782316,0.0474605798729239
1444,0.0013477277663167199,0.0474605531816805
1445,0.0013466627262998087,0.047454642114845555
1446,0.0013455261866571176,0.047471643804647884
1447,0.001345495471228734,0.04747163694908565
1448,0.0013448722532242742,0.047467322371662235
1449,0.001343819048771012,0.04746042062842765
1450,0.001342862954762853,0.047454572975956344
1451,0.0013428090694121342,0.04745435963394558
1452,0.0013415770610578958,0.047430424799108584
1453,0.0013415175106359046,0.047430322376678095
1454,0.0013408754315169774,0.047418861455275865
1455,0.0013407871795947433,0.047418752267995135
1456,0.001340778614956519,0.047418729937796014
1457,0.0013408240835363966,0.04741872883206939
1458,0.0013407751706000167,0.04741847433470311
1459,0.0013407623461287692,0.047418474926145385
1460,0.0013407435532375228,0.0474183720159245
1461,0.0013407225223399885,0.04741834546981743
1462,0.001339877923789877,0.047403605750831974
1463,0.0013398678360749116,0.04740365200424665
1464,0.0013395651521465473,0.04739938506367451
1465,0.0013381907324523559,0.047391466154557305
1466,0.001338166916268436,0.047391415586733564
1467,0.0013374643786204067,0.047375722086782146
1468,0.0013374429721838379,0.04737450708828916
1469,0.0013374215371059687,0.047374418182514595
1470,0.0013374234646476788,0.047374423627187016
1471,0.0013372197239941515,0.04737079454878673
1472,0.001336612711966688,0.04736046312322846
1473,0.0013366150414116605,0.04736041196707823
1474,0.0013365535244530963,0.047360338938731275
1475,0.0013365473365090949,0.04736032569841676
1476,0.0013362089197836192,0.04736133241612362
1477,0.001335229041844135,0.047352360317722386
1478,0.0013343190187548486,0.04735425185515798
1479,0.0013338533650459222,0.04734685042372279
1480,0.0013338045558942285,0.04734593903686925
1481,0.0013328075345533314,0.04733027068004946
1482,0.0013327980703292277,0.047330354601375794
1483,0.001331425361143292,0.047322568126958085
1484,0.001331442305478774,0.04732235514953968
1485,0.0013313715437489498,0.0473223018289062
1486,0.0013314018108787227,0.04732206046734341
1487,0.0013303891147768937,0.04732428262378805
1488,0.0013303517619673616,0.04732426839597843
1489,0.001329445378013208,0.047310368624035065
1490,0.001329402900367809,0.04731035845294595
1491,0.001328932864326485,0.047298596949011694
1492,0.0013277232714542723,0.04729173969954741
1493,0.0013277321953006536,0.047291731432067746
1494,0.0013277679794919985,0.04729171223162748
1495,0.0013277410713285161,0.04729131086762077
1496,0.001327713494844311,0.047291290615700664
1497,0.0013272363885646244,0.04729127059885065
1498,0.0013272495254217293,0.0472908697832575
1499,0.001327150825864788,0.04729085214856461
1500,0.001326081107585027,0.047284293267213014
1501,0.001326109446888456,0.047284260222905064
1502,0.0013260579042893511,0.04728379101490517
1503,0.0013255947827915707,0.047276425576497375
1504,0.0013251079720032826,0.0472658328364475
1505,0.0013251152782032636,0.04726562130307651
1506,0.0013251152782032636,0.04726562130307651
1507,0.00132419375701956,0.04726086797144559
1508,0.0013242298988535748,0.04726084359141433
1509,0.0013235237931755535,0.047249984109038
1510,0.0013226485783030726,0.04724525554704223
1511,0.0013226466507613626,0.04724520845708286
1512,0.0013225175045417283,0.04724318519395032
1513,0.001322052410316584,0.04723715312284055
1514,0.001321011951330834,0.0472316456953272
1515,0.0013208551048823464,0.04723036712960332
1516,0.0013208256098224034,0.04722996847410678
1517,0.0013197530250110285,0.0472008465484699
1518,0.0013197777739406933,0.047200349496455456
1519,0.001319495651886336,0.04719646441005734
1520,0.0013186649687207943,0.04718806094863436
1521,0.001318037439578026,0.04717631492554293
1522,0.0013175561022133542,0.047175169820676724
1523,0.0013175191526590962,0.04717554738914413
1524,0.0013175214843811412,0.047175544292587406
1525,0.0013175342648764298,0.047175520366152794
1526,0.0013172846304353504,0.04717242082483248
1527,0.0013173413537297522,0.047172396023094205
1528,0.0013172812149869926,0.04717248863143736
1529,0.0013172711248526378,0.04717242112994294
1530,0.0013172451851564723,0.04717211130458082
1531,0.0013167971607726317,0.04716941179569968
1532,0.0013167569070441356,0.04716899716595737
1533,0.0013166786036508222,0.04716795070946052
1534,0.0013156314907217805,0.047165606657274164
1535,0.00131467113728976,0.04713725908376625
1536,0.0013146489859303325,0.047137256114099815
1537,0.0013136257888071243,0.047119407790344535
1538,0.0013128723675411588,0.047108124877128295
1539,0.0013128357186316044,0.04710782921447973
1540,0.001312288227406402,0.04709957493207259
1541,0.0013113169203670912,0.04708635517163531
1542,0.0013113343624563485,0.04708609512386225
1543,0.0013113044542500984,0.047086070511578315
1544,0.0013112585814898858,0.047086063529222934
1545,0.001311270240420324,0.04708586694676069
1546,0.0013112956085001815,0.04708603470324313
1547,0.0013100218218285876,0.047084420508869476
1548,0.001309162779203969,0.04708249248526236
1549,0.001309168155371692,0.047082368100650626
1550,0.0013083232041066375,0.04708309565220838
1551,0.0013078821762409437,0.04708056622526514
1552,0.0013078852696436763,0.04708057226746024
1553,0.001307088060970993,0.047058331417423035
1554,0.0013061145015513754,0.047048386480872575
1555,0.00130484445401041,0.047025232819689344
1556,0.0013048250385533625,0.04702523036995876
1557,0.0013048327349154518,0.04702503470654986
1558,0.0013044266024357378,0.04702227011467357
1559,0.0013032786767199138,0.04699917265479001
1560,0.0013024298372827322,0.047005542720262146
1561,0.0013024305875780583,0.04700527367295042
1562,0.001302398166409039,0.0470051227944913
1563,0.0013023865089373502,0.0470051505844922
1564,0.00130137153965914,0.046995472558491104
1565,0.00130136221277096,0.04699546617410954
1566,0.001300834205350554,0.04699652668014181
1567,0.0013007252243851838,0.046996362805716195
1568,0.0013007614140377168,0.04699633531502343
1569,0.001300768409203852,0.046996309268943735
1570,0.001300726078998885,0.04699627121244639
1571,0.0012997383843682715,0.04699867488922629
1572,0.0012988228630032596,0.04699260400578652
1573,0.0012978107375926783,0.04697717048410818
1574,0.0012971976596936367,0.0469768738289811
1575,0.001297220169691953,0.04697688430659432
1576,0.0012961291014576902,0.046944930962256916
1577,0.0012948016845920035,0.04692185251774804
1578,0.0012939906750465823,0.046913375898483524
1579,0.0012926898738651134,0.0468905608272627
1580,0.001292104485894731,0.04688825616366132
1581,0.0012904078150873953,0.04689099932188596
1582,0.0012894193196033349,0.04687764291915906
1583,0.0012894824352089776,0.046877874073949104
1584,0.0012888795363212694,0.046881513704698084
1585,0.0012887546222539981,0.04688030308262814
1586,0.0012877858250998507,0.04687503514707474
1587,0.001287330172292508,0.04686007760366732
1588,0.0012861694766306444,0.04685922874771878
1589,0.001286189701729215,0.046859199898712116
1590,0.00128602613907374,0.046856325665457985
1591,0.0012848200970823184,0.046819433125916035
1592,0.0012841918397389414,0.04681423066339758
1593,0.0012841895080168964,0.04681416101728677
1594,0.0012841426437340102,0.046813597922229076
1595,0.0012839601720032318,0.046814177778061364
1596,0.0012835615896726593,0.04680577223611191
1597,0.0012826678710081672,0.046800591656202054
1598,0.0012826222983945484,0.046800756316658094
1599,0.001282604669620941,0.04680062768723057
1600,0.0012825754330087053,0.04680066924689595
1601,0.0012825740674769046,0.046800074282869385
1602,0.0012825416424653258,0.04679988197376786
1603,0.0012825288179940783,0.04679988077313481
1604,0.0012819487857155577,0.04679714045993492
1605,0.0012818935376793785,0.046797093584428795
1606,0.0012819230893814952,0.04679715142290163
1607,0.0012814272065414401,0.04679460385564988
1608,0.0012810079028884296,0.046787476619404175
1609,0.0012806916928125437,0.046782911977572894
1610,0.0012797020104579105,0.046756872254903416
1611,0.0012789517178715087,0.0467372036128753
1612,0.001278922524665964,0.046737208377756016
1613,0.0012779926046611533,0.046732112990942716
1614,0.0012779902245513219,0.0467321601068052
1615,0.0012779582953010799,0.04673206525216271
1616,0.0012768427365492804,0.04670361448587477
1617,0.0012768058343154314,0.04670356559211352
1618,0.0012767960104562198,0.04670335644450692
1619,0.001275819661142703,0.04669827621588903
1620,0.0012758261577723192,0.046698074511478026
1621,0.001275830312290748,0.046698132367365794
1622,0.0012757972181401235,0.04669804362647758
1623,0.0012757739472794426,0.04669805423574466
1624,0.001275062231784732,0.04668547073152398
1625,0.0012750359356911707,0.04668557988339425
1626,0.0012747628678989535,0.04668494591522096
1627,0.0012737173994786498,0.046676818548661465
1628,0.0012736923603645827,0.04667626785257615
1629,0.0012736674742413114,0.04667616876024216
1630,0.0012729335405871221,0.04665999731547283
1631,0.0012729261890591708,0.04665996030837821
1632,0.0012719784128225767,0.0466549884047746
1633,0.0012719982324599591,0.04665499029783338
1634,0.0012719427412751525,0.0466546135181882
1635,0.0012719594675098024,0.04665460175149059
1636,0.0012714669017236757,0.04664584167536412
1637,0.0012711333116265423,0.04663665677158102
1638,0.0012703379029083614,0.04661841936128031
1639,0.001269133651994418,0.04662182937632651
1640,0.0012690773872454527,0.04662180361421135
1641,0.0012690344662825387,0.04662125552339773
1642,0.0012690452586090668,0.04662106133598293
1643,0.0012680198025056002,0.04661531010302483
1644,0.0012674849475373875,0.04660673795734507
1645,0.0012674657952245086,0.04660676080455573
1646,0.0012674602203822266,0.04660656467332533
1647,0.0012674298022540963,0.04660654004882798
1648,0.001267402122163101,0.046606551884776325
1649,0.001267388443291628,0.046606451692188966
1650,0.001266295070357764,0.04658421502059213
1651,0.0012660966591386087,0.046579723254399096
1652,0.0012654204785314043,0.046570620754059065
1653,0.0012644075263656782,0.046550111968004695
1654,0.0012644276578196501,0.04654993548948758
1655,0.0012644497612182423,0.046549914035092274
1656,0.0012635196489075593,0.04651888014866016
1657,0.0012635184830465367,0.046518877229822814
1658,0.0012632848649628148,0.04651735112492981
1659,0.0012631738868627122,0.046515888923851646
1660,0.0012619264596513322,0.04649034178660409
1661,0.0012619314784254403,0.04649014156922372
1662,0.0012608471608210941,0.0464844527273637
1663,0.0012605750387610496,0.04648512135221229
1664,0.00126044951678663,0.04648515498052569
1665,0.0012598090325611699,0.04648682575314918
1666,0.0012589881542199382,0.04649207182075369
1667,0.0012589631616435365,0.04649194546989209
1668,0.0012577586361466938,0.04649156143624439
1669,0.0012568000645771244,0.046482986662578905
1670,0.001256774463453148,0.046483029579859496
1671,0.0012561718519746605,0.04647996982890849
1672,0.0012561718519746605,0.04647996982890849
1673,0.0012561873656683055,0.04647999096053867
1674,0.0012556546586908657,0.046471521009177334
1675,0.0012550052807902322,0.04646275129373554
1676,0.0012550207811060775,0.046462557426612455
1677,0.0012549771944908846,0.04646237729262197
1678,0.001254948565554532,0.0464611136333652
1679,0.0012549940341344094,0.04646111435268117
1680,0.0012549670346034007,0.04646074423583616
1681,0.001254040512328479,0.04644798464730928
1682,0.0012533255816966154,0.04644980010391316
1683,0.0012533323918506253,0.04644947363815555
1684,0.0012533254304136238,0.046448548201806876
1685,0.0012524266765018286,0.04644455862889374
1686,0.0012524021002738668,0.04644443644288331
1687,0.0012514695371751625,0.0464358821878342
1688,0.001251235251001983,0.0464355123650669
1689,0.0012511766020159925,0.04643532788779374
1690,0.001251212339527355,0.046435330477076354
1691,0.0012501743995884267,0.046429821111487815
1692,0.001249330299379148,0.04643159117328459
1693,0.0012483831990060788,0.046409208641977645
1694,0.0012483517207584713,0.04640916664945367
1695,0.0012483609093145085,0.04640898219641266
1696,0.0012475982115050085,0.046399034796307845
1697,0.001247529295449029,0.046398385399078514
1698,0.001247501922122369,0.04639846412337822
1699,0.0012475357320920217,0.04639845616329093
1700,0.0012475245357274755,0.046398325717571645
1701,0.0012468536519818349,0.04637879999458062
1702,0.0012465768887681037,0.04637440424009849
1703,0.001246569040020066,0.046374275448448535
1704,0.0012466075140030765,0.0463742549604941
1705,0.0012465325616774592,0.04637346354340173
1706,0.0012464958185896171,0.04637354009822367
1707,0.00124605202441907,0.04636696795154411
1708,0.0012454193293286058,0.0463549323699971
1709,0.0012445628698468368,0.046348751946577164
1710,0.0012445628698468368,0.046348751946577164
1711,0.0012445383867653642,0.04634877086712799
1712,0.001244577920156267,0.04634850345670764
1713,0.0012436987616436005,0.04634389282902484
1714,0.00124368776267276,0.04634361791395301
1715,0.0012433304133363044,0.04634146245527373
1716,0.001242468998536028,0.04633686747611586
1717,0.0012424245582321946,0.04633688333554889
1718,0.0012424622232852672,0.0463369274470115
1719,0.0012417622759848864,0.046333720573901685
1720,0.0012408452375026586,0.04632844934847414
1721,0.0012408339473511966,0.04632801950050895
1722,0.0012404976420232305,0.046322674409305084
1723,0.001240393352538403,0.04632157918096497
1724,0.0012403455532326996,0.04632157498602638
1725,0.0012398664173166312,0.04632252183108947
1726,0.0012398769100658337,0.04632243611233113
1727,0.001239703325926176,0.04632163334487669
1728,0.0012391217831481808,0.046320266997063715
1729,0.0012386799647648133,0.04630676952453259
1730,0.0012386330740109615,0.046306405585762635
1731,0.0012386587229534566,0.04630640056908942
1732,0.0012386867036179965,0.046306386932648505
1733,0.0012386587229534566,0.046306380514897175
1734,0.0012378476661943642,0.046302581688977246
1735,0.0012375993854016143,0.046301787084978493
1736,0.0012373038225009989,0.046298751301775846
1737,0.0012372812661073343,0.04629876289299929
1738,0.0012366583794168958,0.04629590278639936
1739,0.001235975179449663,0.04628154113376527
1740,0.0012359819874689175,0.04628158282813056
1741,0.0012360063794674978,0.04628153743268598
1742,0.0012349839949388909,0.04625924056537262
1743,0.0012341911644714117,0.046246739894488596
1744,0.001234202823935539,0.04624674035942593
1745,0.0012333427708067141,0.046240513970609416
1746,0.0012333239766346145,0.04624013128043835
1747,0.0012324711603262236,0.04624497423000333
1748,0.0012324143672609031,0.046243889137481106
1749,0.0012324060227871078,0.046243522668125654
1750,0.001231991127439351,0.04623287554171296
1751,0.0012320241296176018,0.046232865988092155
1752,0.001231996820120125,0.046233071407777195
1753,0.0012310019111195876,0.046227885734798045
1754,0.0012299938100785207,0.04621922439348143
1755,0.0012293844283303682,0.04621422617526941
1756,0.0012292378003328178,0.046214517808408226
1757,0.0012280606076378639,0.04620848360059405
1758,0.0012280431197225264,0.0462084800000989
1759,0.00122709502750657,0.0462023235360105
1760,0.001227100924020895,0.04620123159812111
1761,0.0012262539251875143,0.04619688767435545
1762,0.0012262385705331385,0.046196708123646395
1763,0.0012261344793492877,0.04619428982989415
1764,0.0012254223884934387,0.046167771091911544
1765,0.0012253180108432178,0.04616776477252278
1766,0.0012252157458535699,0.04616508064380022
1767,0.001224377606094537,0.04616753976420763
1768,0.0012243872904830696,0.046167536770951687
1769,0.0012243872904830696,0.046167536770951687
1770,0.00122438024635988,0.0461673577959464
1771,0.0012243474058537633,0.04616711015205562
1772,0.0012233948050168442,0.04615440106586333
1773,0.001222927131562569,0.046155031205700074
1774,0.0012222505350872443,0.046151388748368556
1775,0.0012222859141020352,0.04615142269809267
1776,0.0012213934596040465,0.04614717918143587
1777,0.0012208657153633885,0.04614436189830637
1778,0.0012208539074626103,0.046144401640419955
1779,0.0012208499134777793,0.046144282812597325
1780,0.0012208378522527066,0.04614410444067091
1781,0.0012208035455610771,0.046144024878853725
1782,0.0012208431848358423,0.04614401564879472
1783,0.0012208019743811835,0.04614400636256775
1784,0.0012208376179633133,0.046143825060040736
1785,0.001220803404951862,0.04614376599525241
1786,0.001220848825855538,0.046143554977297156
1787,0.0012207951962485031,0.046143547802848864
1788,0.001219930834543076,0.046139312416956214
1789,0.0012199163347158767,0.04613935406956702
1790,0.0012193128514922768,0.046134455380574035
1791,0.0012188582255378078,0.046133294279041115
1792,0.0012188896571054331,0.046133271993556456
1793,0.00121802944011635,0.046115001698473435
1794,0.0012180302030067325,0.04611494519639773
1795,0.0012171840925517658,0.046117059335553316
1796,0.0012171428826663752,0.04611681325555308
1797,0.0012161184515478715,0.046119810269141935
1798,0.0012151733417807415,0.046108199131196625
1799,0.0012149652068757664,0.04610711962552319
1800,0.0012149391554607406,0.04610713355248386
1801,0.0012140767295514107,0.046101214373223745
1802,0.0012139574941822662,0.04609832033043743
1803,0.0012136329530637534,0.04609060734557644
1804,0.0012136320510229054,0.046090362063358425
1805,0.001213630077085847,0.0460904292564559
1806,0.0012126132605860948,0.04608003481221449
1807,0.001211866254900203,0.04606202015788529
1808,0.0012118475737278168,0.04606091395530754
1809,0.0012118296843361676,0.046060737064843246
1810,0.0012117923767834477,0.04606047191232911
1811,0.0012108706544168477,0.04605521398538251
1812,0.0012108428463828522,0.04605440936822282
1813,0.0012108423366032888,0.046054388676445
1814,0.0012108379379755926,0.04605407501376813
1815,0.0012100488957914827,0.04605441932577513
1816,0.0012096881462701694,0.04605250936684466
1817,0.0012096451711556295,0.046052325227021636
1818,0.001209142409707078,0.04604055487183541
1819,0.0012087075192094747,0.04603716231526628
1820,0.0012082011277162901,0.04602911649129332
1821,0.001207398330449943,0.04601346692285545
1822,0.0012073738711354126,0.0460129386447245
1823,0.0012073479325777833,0.046012410396167124
1824,0.0012073261853986906,0.046012341195192256
1825,0.0012073012508876328,0.04601206459256279
1826,0.0012065266100295552,0.04601010710804125
1827,0.0012055396066860736,0.046005398994712704
1828,0.00120555857242134,0.04600504737512438
1829,0.0012054775566079548,0.046003860487714696
1830,0.001204649123794702,0.04598036101062008
1831,0.001203792484104007,0.04597842173142821
1832,0.0012030589486350485,0.04597504632413628
1833,0.0012030822658554985,0.04597504614984196
1834,0.0012030616839681604,0.04597500234463919
1835,0.0012024234523898513,0.04596782474754484
1836,0.0012024192237776242,0.04596654381340234
1837,0.0012023756833087248,0.045966456186523
1838,0.0012014668729739186,0.0459502297711369
1839,0.0012014932847356373,0.04595022917903867
1840,0.0012009664047862379,0.045936527994023806
1841,0.0012009045664758437,0.04593649240776504
1842,0.0012009240283638188,0.045936487142897824
1843,0.0011997395040119275,0.04593102854849553
1844,0.0011990082364714098,0.04592907962895433
1845,0.0011984106162998456,0.04592045849532894
1846,0.001198366724663701,0.04591886876583416
1847,0.001197493777488396,0.04591429887563375
1848,0.0011974373181920651,0.04591395117226534
1849,0.001197397920856233,0.045914055277131716
1850,0.0011974308755005993,0.04591403536678818
1851,0.0011974362554753024,0.04591400160277593
1852,0.0011973891712058833,0.04591382052764074
1853,0.0011973541948059403,0.04591364644019276
1854,0.0011973660701649859,0.045913376333923034
1855,0.0011965413180968045,0.04590821817400843
1856,0.0011963095334832428,0.045914549700546294
1857,0.0011962546304235186,0.04591471461425622
1858,0.0011954496952353278,0.04590635167898287
1859,0.0011954173058741624,0.04590626419475207
1860,0.0011947030277302533,0.04590204387281462
1861,0.001193932571632971,0.04590459212189848
1862,0.001193908490454761,0.04590433192389387
1863,0.001193886498632712,0.04590436144984753
1864,0.001193305547822359,0.04590640067925777
1865,0.0011929424314444867,0.04590365345244751
1866,0.0011923388848186546,0.04590430850720388
1867,0.0011917136228749526,0.045902725567256365
1868,0.0011917325870447319,0.04590247235014313
1869,0.0011915849673466115,0.04590056733184148
1870,0.0011915453092859998,0.045899529057207955
1871,0.0011904700003311887,0.04586992560896071
1872,0.0011904741697929045,0.045869657320000916
1873,0.0011895601831212604,0.0458808466413474
1874,0.0011895158804024052,0.04588084574674682
1875,0.0011895158804024052,0.04588084574674682
1876,0.0011895019942106142,0.04587963850764222
1877,0.0011893995125077251,0.045879138813785525
1878,0.0011892322786779981,0.04588024695290251
1879,0.001189197927903672,0.04588011310016134
1880,0.0011884701490691978,0.045874141817672694
1881,0.0011876894929510322,0.04585545580962619
1882,0.0011876668315274075,0.04585541283780563
1883,0.0011871805590532452,0.04585624271413669
1884,0.0011869324500549273,0.045852126386601307
1885,0.001186944062981389,0.04585210230378085
1886,0.0011868888637599476,0.045852100486783
1887,0.001186290579305906,0.0458504630927007
1888,0.0011862863197575168,0.04585036211706934
1889,0.001186301429270827,0.04585035014358792
1890,0.0011855146467429814,0.0458403130349702
1891,0.0011846275060067026,0.045827309246248615
1892,0.0011846130055390767,0.045827028654292355
1893,0.0011846079379146518,0.04582701331812099
1894,0.0011841468446122934,0.04581618544585092
1895,0.0011840228037133045,0.04581399807553798
1896,0.0011830640836181358,0.04580764160368288
1897,0.001183053748022502,0.04580663787187835
1898,0.0011822355903023604,0.04580097415328011
1899,0.0011818003539744,0.04579860606024516
1900,0.0011810400227190356,0.04579486149891124
1901,0.001180308194200407,0.04579296834042864
1902,0.0011798543375761653,0.045781410880934216
1903,0.0011798500316324279,0.0457813681654729
1904,0.0011795865231676627,0.04578019956000349
1905,0.0011795895693211447,0.045780059707432756
1906,0.0011788079435793367,0.045774117487019206
1907,0.0011779956821956236,0.04576588242921947
1908,0.0011771470441014453,0.04576215204821217
1909,0.0011765544944718049,0.04575673635079861
1910,0.0011757102662483675,0.04573998477445586
1911,0.0011756986076381425,0.04573998218667326
1912,0.001175699773499165,0.045739981559656966
1913,0.0011747812849488269,0.045731768696184776
1914,0.00117474236053245,0.04573154972335835
1915,0.0011744593759124282,0.0457298128107499
1916,0.0011740838550942014,0.04572808167018728
1917,0.0011734314186051362,0.04572515966678985
1918,0.0011730349570649966,0.04571858384900675
1919,0.0011720994742259025,0.04569815050171277
1920,0.0011721270507101076,0.04569810819154583
1921,0.0011720901452741258,0.04569810098508936
1922,0.001171467556631105,0.04569667036207193
1923,0.001171370612554597,0.045695825250073915
1924,0.0011714001631181776,0.045695758632397165
1925,0.0011713762430428337,0.045695541078158514
1926,0.0011714197371163848,0.0456956477027718
1927,0.0011705658234548266,0.04568745131306221
1928,0.001169831652184584,0.04568380534565436
1929,0.0011691279978994313,0.0456853595478468
1930,0.0011691528406160118,0.04568496374725278
1931,0.0011685756950247533,0.04567657796274912
1932,0.001168525064464267,0.045676546371039795
1933,0.0011685507134067618,0.04567652533880666
1934,0.0011685125999839198,0.04567650125904494
1935,0.001168558784062612,0.045676434914101643
1936,0.0011685139123603137,0.04567603752704943
1937,0.0011681883135239233,0.04567670207739933
1938,0.0011679658758474518,0.04567553862597466
1939,0.0011679397289377062,0.04567537025742438
1940,0.0011679336095727186,0.045675343510265726
1941,0.001167895136158976,0.045675299621880175
1942,0.001167916778130212,0.04567538372180633
1943,0.0011678895591463595,0.04567537319905886
1944,0.0011679109021451172,0.04567535691798359
1945,0.0011678256971946882,0.045675065966224435
1946,0.0011678161824480425,0.04567508022128864
1947,0.0011678164818830512,0.04567503633660299
1948,0.0011677358626894093,0.04567314976071628
1949,0.0011677071886385614,0.04567271222706073
1950,0.0011676725233080432,0.04567273452208699
1951,0.0011674476251482034,0.045666892272617575
1952,0.001167434646120673,0.04566664497300908
1953,0.001166717734240214,0.04565518634666302
1954,0.0011667074581330943,0.04565501765411271
1955,0.0011667501936569323,0.045654973856882455
1956,0.0011667362033246623,0.04565498295777503
1957,0.0011667324630199182,0.04565464690910395
1958,0.0011658922072024936,0.04564570660609358
1959,0.0011659050316737412,0.04564570530090113
1960,0.0011658880166778589,0.04564586766773911
1961,0.0011658479722265397,0.04564578035973609
1962,0.0011658953683481273,0.045645772448596876
1963,0.0011657465930535996,0.04564325584939279
1964,0.0011657279392772396,0.04564323490274035
1965,0.001164883088149998,0.04563961933487231
1966,0.0011643019535372142,0.04563823271288431
1967,0.0011634822844992755,0.0456103083278644
1968,0.00116345963503028,0.045610308099569494
1969,0.001162685458054527,0.04559885204537194
1970,0.0011618856698502888,0.04559531392771203
1971,0.0011618718984549635,0.045595465298706804
1972,0.0011611955844611328,0.045569123289859
1973,0.0011611384673755386,0.04556904620099894
1974,0.0011611283324113226,0.0455690442444611
1975,0.0011611360892581453,0.04556900998151057
1976,0.0011602875528316876,0.04556351720427563
1977,0.001160325171204778,0.045563350508159635
1978,0.0011598411104260446,0.04555546494640243
1979,0.0011597321232876736,0.045554839528562735
1980,0.0011596990761372447,0.04555482576805261
1981,0.001159697761127986,0.04555465916802683
1982,0.0011596319761887491,0.045554134073112554
1983,0.0011590343941403564,0.04554660286923509
1984,0.0011589492419539623,0.04554648153678451
1985,0.0011587270538481738,0.045549145825720304
1986,0.0011587212245430614,0.04554914446075427
1987,0.0011586803717310722,0.045549132552131465
1988,0.001158725436130615,0.0455491376475064
1989,0.0011586986213270973,0.04554913385217511
1990,0.0011586683089405123,0.04554913195454286
1991,0.0011586848942457338,0.04554873833551805
1992,0.001158686821787444,0.045548694155870366
1993,0.0011586580886572433,0.045548572759242456
1994,0.0011586087208756697,0.04554843595787204
1995,0.0011586273746520296,0.045548429147252004
1996,0.0011586416172412164,0.04554825597475364
1997,0.0011586162792614088,0.045548134603096514
1998,0.0011578602864158517,0.04554298458160838
1999,0.0011575829562644844,0.04553688916528995
2000,0.0011575494582537382,0.04553681164866345
2001,0.0011567145570607978,0.04553269316667355
2002,0.0011567332096986216,0.045532667719030515
2003,0.0011567412790736186,0.04553250174553353
2004,0.0011567478702017356,0.045532497971690164
2005,0.0011566742807394747,0.045532520561313496
2006,0.0011567213193607098,0.04553249811916479
2007,0.001156760195673934,0.04553242570153198
2008,0.0011565744261909732,0.045531977578472105
2009,0.0011558745611676192,0.045530078321096575
2010,0.001155311455826325,0.0455156723290054
2011,0.0011545759160534142,0.045512230248828216
2012,0.001154566589165234,0.045512232488140014
2013,0.0011545890052343177,0.04551242717782982
2014,0.0011539514441648556,0.04550953218039537
2015,0.0011538729845074547,0.04550858768547264
2016,0.001153895538766364,0.04550856251426639
2017,0.0011538515938324956,0.045508551984298075
2018,0.0011538830720801032,0.045508541644786404
2019,0.0011538091795181703,0.04550998221941649
2020,0.0011531883706028452,0.04550725863644746
2021,0.0011523760243270303,0.04549913300466465
2022,0.001152354945646557,0.04549887261103606
2023,0.0011523444528973542,0.04549887441333931
2024,0.0011515268624706415,0.04547309365373134
2025,0.0011509605457991747,0.04545877913492806
2026,0.0011501508044229232,0.04545119739562097
2027,0.0011499050779538262,0.04544731422934116
2028,0.0011491152112560648,0.04544192016952203
2029,0.0011483773383379385,0.045427505348012105
2030,0.0011483800742403186,0.045427506452167636
2031,0.0011477747165770462,0.045431116367278694
2032,0.0011471639724636466,0.045411824951251616
2033,0.0011465975038865513,0.04540916159296285
2034,0.0011465496569046463,0.045409187288388095
2035,0.0011458073391057927,0.045384893135481615
2036,0.0011454635538799235,0.04538610350368982
2037,0.0011454514910893636,0.0453860975545064
2038,0.0011444723589622192,0.04538911301195313
2039,0.0011444641064252182,0.0453885039697152
2040,0.0011445076007834034,0.04538847173191478
2041,0.0011438772862475118,0.04538683688682306
2042,0.0011438263672104271,0.04538630214307562
2043,0.0011438270826202939,0.045386314946041784
2044,0.0011433430448791278,0.04538415280259692
2045,0.0011432809292996008,0.04538502943768396
2046,0.0011432727679878093,0.04538496733117401
2047,0.0011426208607935287,0.04538334210967826
2048,0.0011426428719706922,0.04538288641083571
2049,0.0011420901286248392,0.04538172327163381
2050,0.0011420582463392136,0.045381702908614374
2051,0.001141243121465913,0.0453693151983354
2052,0.0011408031733772344,0.04536794218640211
2053,0.0011399045254382495,0.045363995827699136
2054,0.0011398044412078683,0.04536496996168121
2055,0.0011391855256425896,0.04536344947530904
2056,0.0011391726554875789,0.045363500040216144
2057,0.0011391621627383764,0.04536349416128948
2058,0.00113916485309931,0.04536347969543917
2059,0.0011391155364095463,0.04536359068066028
2060,0.0011386453865323966,0.045362239927941805
2061,0.001138613770913286,0.04536181053352636
2062,0.0011381229495602344,0.04535652716335547
2063,0.0011379485765573385,0.045353998783711894
2064,0.001137757091071402,0.04535217448132717
2065,0.0011377691527234258,0.045352114682080516
2066,0.0011375425529679339,0.04534682682618028
2067,0.001137556543300204,0.04534682790090322
2068,0.0011365965764901559,0.04532709722488971
2069,0.0011360903951814192,0.04531016433291333
2070,0.0011352443595140465,0.04531557308986857
2071,0.001134478074835339,0.045291546475416396
2072,0.0011336833236217875,0.04528770288591817
2073,0.0011334062498367407,0.045293832300762726
2074,0.0011328033661235847,0.04529511878173992
2075,0.0011324648320577267,0.04529360290038829
2076,0.0011319419346188485,0.04529104274423116
2077,0.0011319147156349958,0.04529102191291219
2078,0.0011319396028256449,0.045290976289528724
2079,0.0011319019256222568,0.04528934066317033
2080,0.0011316506426164044,0.04528553016855459
2081,0.0011316478480794126,0.04528555958791787
2082,0.0011315609591272728,0.045284727229300825
2083,0.0011308931591601764,0.04527675002238081
2084,0.0011300950072280786,0.045269312921576634
2085,0.0011298579518147574,0.045268466615400405
2086,0.00112982647356715,0.045268491458140624
2087,0.001129849339286856,0.04526845637519194
2088,0.0011298369184266754,0.045268444068110855
2089,0.0011298835528675754,0.04526844244871799
2090,0.0011298159327859532,0.04526835065075319
2091,0.0011298407141638984,0.04526835661340238
2092,0.0011298375740811835,0.045268316460383956
2093,0.001129014961749388,0.04526483381143217
2094,0.0011282506478056062,0.04526296555158608
2095,0.0011282882664633304,0.045263014797681654
2096,0.001127503613104832,0.04525556180277748
2097,0.0011274950478973396,0.045255541079582226
2098,0.0011274632773305743,0.04525406966542936
2099,0.0011271298655388766,0.045244604412851316
2100,0.0011266879645582689,0.04524325497807835
2101,0.001126639170421021,0.0452428332498477
2102,0.001126351383953608,0.04524532577781342
2103,0.0011257418407112176,0.045232517620571275
2104,0.001125726684517925,0.045232504283583046
2105,0.0011257254257238888,0.04523212463922675
2106,0.0011256934038252674,0.045231749024026116
2107,0.0011256170876400744,0.04522939154388651
2108,0.0011250544447757242,0.04522080608605422
2109,0.001124572790097468,0.04520748344127332
2110,0.0011245435385419452,0.04520752444291714
2111,0.0011244889485796635,0.04520705315455185
2112,0.0011245390806036311,0.04520705021895221
2113,0.0011237016029567411,0.04519916562599712
2114,0.0011232023465984802,0.04518243626271667
2115,0.001122629510953625,0.04518085083350136
2116,0.0011219715580967832,0.04517927243178057
2117,0.0011219672525444176,0.04517928688556384
2118,0.0011214983485816137,0.04517816010603495
2119,0.0011215126501434155,0.04517786114005003
2120,0.0011214872985011739,0.04517790213610498
2121,0.0011214346501699872,0.04517730404315559
2122,0.001121388240910191,0.04517581018070467
2123,0.0011213594533081512,0.04517577041320292
2124,0.0011213616457907824,0.04517534637067815
2125,0.0011213033627730073,0.045174230181902794
2126,0.0011213215181551655,0.04517391174323701
2127,0.0011212888283805619,0.04517414087002813
2128,0.0011212359150550852,0.04517401653943441
2129,0.001121235776598415,0.04517405262543145
2130,0.001121293260150334,0.045173978473929934
2131,0.0011212621395453961,0.04517395979167984
2132,0.0011212488657437393,0.04517390263076686
2133,0.001121292312852674,0.0451737433991382
2134,0.0011206784017764324,0.04516337703484711
2135,0.0011206319760434411,0.045162582326948274
2136,0.0011204353477007455,0.04516020085547839
2137,0.0011202479404868947,0.04515917587072046
2138,0.0011202389233339178,0.045159065325605
2139,0.0011202021775064731,0.045158813927965995
2140,0.0011202005614967183,0.04515880279314489
2141,0.0011202107559494484,0.04515878901081977
2142,0.0011202063435525804,0.045158630093721924
2143,0.0011201587968595864,0.045158539338859556
2144,0.0011191073846223384,0.04512747987364358
2145,0.001119127469254011,0.04512809969613382
2146,0.001119099489728007,0.04512810789683136
2147,0.0011191278745728821,0.04512811044926091
2148,0.001119076584515328,0.04512780629168237
2149,0.0011183714313473276,0.045124649856952866
2150,0.0011183973925333632,0.045124476518743205
2151,0.0011181595116813295,0.045123656933641336
2152,0.0011176147195339787,0.045122330723330675
2153,0.001117132497206501,0.04512115847932837
2154,0.0011171320941647024,0.04512114644752176
2155,0.0011169991772200611,0.04512068201292016
2156,0.0011169940622040688,0.045121347362028934
2157,0.0011165119873526026,0.04511650117254339
2158,0.0011165749427092815,0.04511646168985714
2159,0.0011165399668786064,0.04511646147901531
2160,0.0011165663763632529,0.04511642197279284
2161,0.001115954409408654,0.04510824723134533
2162,0.0011159201955433006,0.04510825078770959
2163,0.0011159555290166452,0.045108209811541046
2164,0.0011151835876633698,0.045098598791705975
2165,0.0011144244996183278,0.045090808781267325
2166,0.0011144306736152612,0.04509064175712646
2167,0.0011143830339892535,0.045090633687245765
2168,0.0011143834393081246,0.04509063058976572
2169,0.0011139872069517549,0.04509199498347007
2170,0.001114016248269461,0.04509196771573046
2171,0.0011139682635246811,0.04509150341573543
2172,0.0011139383092077168,0.04509150022844204
2173,0.0011139631487577437,0.04509121249779765
2174,0.001113930411289149,0.045091029698134
2175,0.0011133833234437485,0.04508573893761978
2176,0.001112211636709639,0.04507026103477046
2177,0.0011122575093453241,0.04507016594533214
2178,0.00111171585336697,0.04505521745172092
2179,0.0011110791470357365,0.04503425708472601
2180,0.0011101316714082665,0.045030269599167685
2181,0.0011101518491152696,0.045030230477177934
2182,0.0011101705028916298,0.045030237452074566
2183,0.0011101489623568492,0.04503047223020373
2184,0.0011101682850587795,0.04503035880411386
2185,0.001110134475516078,0.04503028393911518
2186,0.0011101038579128552,0.045030290696865774
2187,0.001110120895181351,0.04503026749553526
2188,0.001110067670323919,0.04503005884023282
2189,0.0011096807839084202,0.04502284666102925
2190,0.0011096637003157348,0.04502261560452261
2191,0.001109659299802338,0.04502212297109098
2192,0.0011089029367190551,0.0450170300785111
2193,0.0011088822170154734,0.04501695805820884
2194,0.0011081865656432698,0.04501520997376751
2195,0.0011082087170026973,0.045015206592233035
2196,0.0011082126176275636,0.04501517561679197
2197,0.0011081775485080824,0.04501529077074573
2198,0.001107900798191831,0.045013838098340815
2199,0.0011079034879834966,0.04501382634425637
2200,0.0011074836422449597,0.045011340897699516
2201,0.0011075598273917573,0.045011325792620516
2202,0.0011068075358027121,0.0450036123713126
2203,0.0011067699960597749,0.04500345704214958
2204,0.0011067715661011324,0.045003441596328735
2205,0.001106780603801129,0.04500285338590501
2206,0.001106775490492941,0.04500269766814363
2207,0.001106763831882716,0.04500269279534691
2208,0.0011062994342460127,0.04500065968038947
2209,0.0011062687176790927,0.04500066689409464
2210,0.001106301673177361,0.04500061334778742
2211,0.0011062705979715522,0.04500059786130527
2212,0.0011062411954176718,0.045000530945286485
2213,0.0011060849280927153,0.04499972361479894
2214,0.001105937812694953,0.0450002669683521
2215,0.001105907500308368,0.045000247498197615
2216,0.0011052019897467528,0.0449951868140327
2217,0.0011051754407558482,0.044995120365848955
2218,0.0011048595244934484,0.04499537444044301
2219,0.0011048448751622203,0.044995321400198234
2220,0.0011048655020217365,0.04499531808565691
2221,0.0011048781895840116,0.044995006950903645
2222,0.001104833905508686,0.04499385810986695
2223,0.0011048094224272134,0.04499385754291804
2224,0.0011047698053539034,0.044993418548953244
2225,0.0011041249608196042,0.04499038461204819
2226,0.0011041498008321612,0.04499033980756257
2227,0.001103393064148913,0.044979570285652165
2228,0.001103397322416449,0.04497937291892613
2229,0.0011027258990402504,0.04497754706793127
2230,0.0011027608748709254,0.044977549213522636
2231,0.0011023497348957273,0.04497545283050821
2232,0.0011016230036212532,0.04497722830765439
2233,0.0011016237197604946,0.04497715060020886
2234,0.0011016563638691246,0.044977147764250464
2235,0.0011013299414441434,0.044971976184867854
2236,0.0011013470729976645,0.04497212737667635
2237,0.0011013580291310819,0.04497212364454449
2238,0.0011013032989153778,0.044971052899475075
2239,0.00110094598595871,0.0449666656652175
2240,0.0011009324784902969,0.04496589052989984
2241,0.0011009098762705522,0.04496588750073579
2242,0.0011008284231525456,0.044964557374688845
2243,0.0011008042053499971,0.04496425809715598
2244,0.0011007570147341856,0.0449638816279757
2245,0.0011008024833140632,0.044963885113269084
2246,0.001100343620154977,0.04496195863483249
2247,0.0011003051467412344,0.04496196378300913
2248,0.001100299317436122,0.04496196887852744
2249,0.0011003271927860676,0.04496181959743504
2250,0.0010996914426117286,0.04496134057817671
2251,0.001099353324538518,0.04495626982811917
2252,0.0010992021118337687,0.04495256067617966
2253,0.0010991822921963862,0.04495255957756062
2254,0.0010990420613666452,0.044949595050680025
2255,0.0010987114386683133,0.04493744164665675
2256,0.001098717267973426,0.044937426318895454
2257,0.0010984886671516938,0.04493664856928217
2258,0.0010984757503167007,0.04493665892313942
2259,0.0010984935486254574,0.044936899592453054
2260,0.001097784839933573,0.044929195782299876
2261,0.0010969435676168376,0.04492571352317063
2262,0.0010969598424219024,0.044925559124323174
2263,0.0010969466137703198,0.04492555236146534
2264,0.0010967518079571636,0.044918752657144186
2265,0.0010961790584496844,0.04491721128901083
2266,0.0010960819530568351,0.044915799369850476
2267,0.0010960833245659506,0.044915530808958576
2268,0.0010960564639363529,0.044915527941950695
2269,0.0010959169688500227,0.04491499990213978
2270,0.0010959682079580838,0.0449149940907604
2271,0.0010959235021974299,0.04491491393583238
2272,0.0010957971582532756,0.04491414986325889
2273,0.001095800251798325,0.044914130614279735
2274,0.0010952412429634849,0.04491456203943117
2275,0.0010949423843031251,0.044913859350515735
2276,0.0010949346475230021,0.044913373685716025
2277,0.0010949218230517548,0.04491334803092766
2278,0.0010949404756895786,0.04491332876278369
2279,0.001094912137382369,0.04491328924698721
2280,0.0010948890858322147,0.044912518928994116
2281,0.0010948844226727587,0.044912515747150425
2282,0.0010943366028731381,0.04491017876900432
2283,0.0010943076617466138,0.044910060602684924
2284,0.0010936618098212933,0.04490517088249349
2285,0.0010936548146551581,0.044905195797022956
2286,0.0010936066101729007,0.04490520820188366
2287,0.0010931096273290237,0.04490339503682179
2288,0.0010931131249120912,0.044903388640691266
2289,0.0010925060786218053,0.044882800193526105
2290,0.0010924724264995168,0.04488211630126132
2291,0.0010924655895899072,0.04488186569637357
2292,0.0010924578815934016,0.04488194058846188
2293,0.0010924816029941867,0.04488193966022699
2294,0.0010918862168084542,0.04488063165279346
2295,0.0010918097168386204,0.04487928521981999
2296,0.0010916994633456216,0.044877076592723796
2297,0.0010913166265609084,0.04488236350366693
2298,0.001091284339952631,0.04488234432486994
2299,0.0010910682496508017,0.044875292158612023
2300,0.0010910352007925685,0.04487523243695045
2301,0.001091099726190605,0.044875115609876504
2302,0.0010910091681633895,0.044872999893147976
2303,0.001091061631909402,0.04487298072921278
2304,0.001090392975104901,0.04487118667481602
2305,0.001090368341256336,0.044871162858933035
2306,0.0010903516150216862,0.0448711437036041
2307,0.0010898145793119963,0.04486963625876213
2308,0.001089036812531747,0.044872147953789396
2309,0.0010889781840749866,0.04487157969277598
2310,0.001088400749420072,0.04485549509932709
2311,0.0010877773976554037,0.04483870950007669
2312,0.0010877587438790437,0.044838690409782805
2313,0.0010877469927627562,0.04483867689788422
2314,0.0010877423293186661,0.0448386673649645
2315,0.0010869321478270324,0.044852000453297805
2316,0.0010868975761766924,0.044851994769611124
2317,0.0010869104000786718,0.044851975689322574
2318,0.0010863318377570647,0.04485053657324609
2319,0.0010863535840822552,0.044850486748264806
2320,0.001085780605729009,0.04484397589744043
2321,0.0010857607860916265,0.04484396915598022
2322,0.0010856020451011877,0.04484321496666275
2323,0.0010855576957023501,0.04484320783595121
2324,0.0010850395475247247,0.04482671751513252
2325,0.001085082638841111,0.04482633228973737
2326,0.0010846455914757106,0.04482767125313619
2327,0.0010846471155486707,0.044827013830534154
2328,0.0010839600771846885,0.04482211316593706
2329,0.001083434137897418,0.04481985195750977
2330,0.0010834866016434304,0.044819830015928444
2331,0.0010834718509113261,0.04481962785420309
2332,0.0010834379356270793,0.044819622731865835
2333,0.001083415227523472,0.04481952164284882
2334,0.0010834271983772375,0.044819469458201595
2335,0.0010834112330049522,0.044819447327943636
2336,0.0010830405591664013,0.044818481227139176
2337,0.0010828846150789748,0.04481785296529914
2338,0.0010828623713558018,0.04481761787618998
2339,0.001082317345523905,0.04481538109189353
2340,0.001082317345523905,0.04481538109189353
2341,0.0010821472595010037,0.044814934988979725
2342,0.0010821392576910115,0.04481498252233816
2343,0.0010820952664685327,0.044814906624503215
2344,0.0010815158981878554,0.044804982507971707
2345,0.001081481279857533,0.04480505680394822
2346,0.0010815236096355489,0.04480491302550984
2347,0.0010812259149327213,0.0448040031967253
2348,0.0010812189197665864,0.044804007696840606
2349,0.0010806152547685735,0.04479978591421561
2350,0.0010799430542880804,0.044792652025079996
2351,0.001079959329947047,0.04479250096942943
2352,0.00107983560600585,0.04479068840690041
2353,0.0010797821932899525,0.044790382171279196
2354,0.0010798505295108159,0.044790146825155024
2355,0.0010798041143448634,0.044790242225206695
2356,0.0010793555345154859,0.04477938848527551
2357,0.0010793769240874881,0.04477933829914598
2358,0.001079346815925826,0.04477899162816909
2359,0.001079077597097397,0.04477888127756656
2360,0.0010791530192826538,0.044778811175625675
2361,0.0010790848899907364,0.044778856069690155
2362,0.0010783442921997993,0.04477319527195727
2363,0.001077658887688568,0.04476264819718227
2364,0.0010776363318819612,0.044762346688351204
2365,0.0010772411455023149,0.04476318616576545
2366,0.001077265178150421,0.04476316205435689
2367,0.001077236435929721,0.04476311866684246
2368,0.0010772967022063193,0.04476281347460749
2369,0.0010772862094571168,0.04476281275155808
2370,0.0010766391152643238,0.04475147346100535
2371,0.0010766666915350534,0.044751478454051405
2372,0.0010763233113790006,0.04474773912211014
2373,0.00107597903108559,0.044746900510307386
2374,0.0010759471501519762,0.04474665042836245
2375,0.0010759505079085722,0.04474606670508137
2376,0.0010759465611729917,0.044745765824483884
2377,0.001075535330826486,0.04474751069503292
2378,0.001075037385741662,0.04473425222068205
2379,0.0010745592576613557,0.04473499296134537
2380,0.0010745837407428282,0.044734998048497066
2381,0.0010737120302312627,0.0447209775848596
2382,0.0010737357053790164,0.044720953474936626
2383,0.0010737221185510755,0.04472083471711305
2384,0.0010736694242514915,0.0447203679902269
2385,0.0010731355788624244,0.04471632847537389
2386,0.0010731100775026785,0.04471625802403233
2387,0.0010728415207686029,0.044715853618640125
2388,0.0010724041130031404,0.044714462354104166
2389,0.0010717189566038427,0.044692123222068475
2390,0.0010717344241867738,0.04469177844638184
2391,0.001071677502502447,0.04469147703133391
2392,0.0010716603128480028,0.04469136890384923
2393,0.0010716894593735655,0.0446913693261574
2394,0.0010711316359683378,0.044687934038811085
2395,0.0010711417245372053,0.04468791920306771
2396,0.0010711001105782175,0.04468774165479555
2397,0.001071105847163792,0.04468763414674993
2398,0.001071100375643666,0.04468744961972002
2399,0.0010710914063981557,0.04468737484508746
2400,0.0010705197670167962,0.0446852008645132
2401,0.0010705500794033814,0.044685199381446696
2402,0.0010705325914880438,0.0446851938523175
2403,0.0010705068971464196,0.0446850444098143
2404,0.0010705033995633522,0.04468504104876763
2405,0.0010705204373299576,0.044685065755483463
2406,0.0010705448730198624,0.044685016071060665
2407,0.0010705262175356983,0.04468486663261628
2408,0.001070509134939232,0.044684823076851926
2409,0.0010704466397468454,0.04468443637730382
2410,0.0010703587844977235,0.044684361202758184
2411,0.001070340487937082,0.0446840712842236
2412,0.0010703540615473299,0.044683614675031395
2413,0.0010703622221475363,0.04468361012486205
2414,0.0010703310094634867,0.04468346072428314
2415,0.0010699578641653676,0.0446848175209313
2416,0.001069429104706252,0.04468310301368058
2417,0.001069215457311639,0.044678357638363815
2418,0.0010692259497939972,0.044678411081580015
2419,0.0010687448188245825,0.044676240770344496
2420,0.0010686649254655288,0.044676226418677176
2421,0.001068442834829109,0.0446740982802293
2422,0.001068454493439334,0.04467409751686695
2423,0.0010680575797402342,0.04466865593394506
2424,0.001068057799904663,0.04466869513845708
2425,0.0010680087289963917,0.044668539983993796
2426,0.0010679935264077509,0.04466846558902326
2427,0.00106745218539475,0.04466675757611732
2428,0.0010674003921042159,0.044666519850546135
2429,0.001067336589142949,0.044665595328288864
2430,0.0010673418747970474,0.044665850365493115
2431,0.001067291002457735,0.04466556974604659
2432,0.0010666353534643817,0.04466289144312787
2433,0.0010666140087578198,0.04466269911699504
2434,0.0010664962858627984,0.044662420785503726
2435,0.00106650283045325,0.04466234640890028
2436,0.0010663416540628175,0.044661514412002015
2437,0.0010661261806518983,0.044658805537382086
2438,0.0010661603481219035,0.04465876841610432
2439,0.001066166177427016,0.044658730777696665
2440,0.0010656286326849271,0.04465662376739292
2441,0.001065603249021356,0.04465651015255701
2442,0.0010649419953525157,0.044630579607499235
2443,0.0010648523246363365,0.04463053988788689
2444,0.0010648523246363365,0.04463053988788689
2445,0.0010648880621121199,0.04463052826539004
2446,0.001064875237712031,0.04463048551277682
2447,0.0010648694084069183,0.04463048042252955
2448,0.0010648933485311724,0.04463083571319738
2449,0.0010648678722725907,0.04463037077693029
2450,0.0010648651363702108,0.044630311683594145
2451,0.0010641435681615129,0.04461944869915567
2452,0.001064113255774928,0.044619411692485934
2453,0.001064113117158151,0.04461922002733274
2454,0.0010640815912165524,0.04461907678066602
2455,0.0010640940126460012,0.04461908169384969
2456,0.0010640885873789065,0.04461903895424748
2457,0.001063920858481638,0.04461793949419217
2458,0.0010638883289382087,0.044617033944160056
2459,0.0010634292166887597,0.04461580694717775
2460,0.001063442040021471,0.044615769497194875
2461,0.001062811091463258,0.044599696172997944
2462,0.001062501484505698,0.04459897484520837
2463,0.0010624956546313174,0.04459891992676971
2464,0.0010624898253262047,0.04459891911097817
2465,0.0010621071776096519,0.04459790020019527
2466,0.0010619736202028443,0.04459774982746247
2467,0.001062067651049966,0.04459767940972087
2468,0.0010619863051144647,0.04459720844553772
2469,0.0010620071851559585,0.0445969219192663
2470,0.0010620071851559585,0.0445969219192663
2471,0.0010619923878861888,0.044596626374305295
2472,0.0010619483061856648,0.04459633083935343
2473,0.0010619526320537849,0.04459583922180135
2474,0.0010619272948567207,0.04459539597000478
2475,0.0010619393126751026,0.04459534108042705
2476,0.0010619439761191925,0.04459533561287185
2477,0.0010613637456108535,0.044594135786815106
2478,0.0010608199350417746,0.044592718815516234
2479,0.001060786986766095,0.04459242352343217
2480,0.0010606542565235937,0.044587812857825794
2481,0.0010605850679661012,0.04458774728431631
2482,0.0010606207596513836,0.04458774117755775
2483,0.0010605884736123743,0.04458775952670169
2484,0.0010606296368177825,0.04458780863395198
2485,0.0010605902625373076,0.04458724610151301
2486,0.0010606048756488541,0.04458714814023251
2487,0.0010605574766809262,0.04458699805076223
2488,0.0010605204805178444,0.04458688335056835
2489,0.001060543440237942,0.0445868559425223
2490,0.0010605675194237136,0.0445867587491062
2491,0.0010605250720562604,0.04458586343426522
2492,0.0010605180768901254,0.044585864567899786
2493,0.001060531570962949,0.04458566868291028
2494,0.0010604857524255209,0.044585184213285826
2495,0.0010605238210896603,0.04458516112872808
2496,0.0010604658394281737,0.04458486601081028
2497,0.0010604421191659247,0.044584807529662276
2498,0.0010602753188516283,0.044580720127438335
2499,0.0010602803863337363,0.044580685970273065
2500,0.0010597732413430928,0.04457845151480261
2501,0.0010593613922199767,0.044577440656292364
2502,0.0010593812118573592,0.044577430873935786
2503,0.0010593721515289565,0.044577374189203246
2504,0.0010593250093009314,0.04457733569116661
2505,0.0010593384442410334,0.044577426949249474
2506,0.001059273301614084,0.044577132620536905
2507,0.0010592968391768592,0.044577171969620015
2508,0.0010592851805666342,0.044577159554935186
2509,0.001059284014705612,0.044577158864024906
2510,0.0010586853984928084,0.044553137089370705
2511,0.0010582265984157412,0.04454629707405889
2512,0.0010574029950415921,0.04454876777072553
2513,0.0010567037082700773,0.04452752713243721
2514,0.0010566771466485373,0.044527377958676444
2515,0.00105621927095609,0.04451460614173659
2516,0.0010562134416509776,0.04451456449325699
2517,0.0010555683302366878,0.04451316639969582
2518,0.0010548484204482163,0.04451014866686569
2519,0.0010548289591650886,0.04450999744859035
2520,0.0010548359543312237,0.044509986542945884
2521,0.0010548266274430435,0.04450998635840424
2522,0.0010548222737875254,0.04450991940531512
2523,0.001054747770240839,0.04450933581718601
2524,0.0010547549403145907,0.04450889710653233
2525,0.0010547404994066373,0.04450871036660132
2526,0.0010547449647454366,0.04450856410909959
2527,0.0010547294961662866,0.04450848883669722
2528,0.0010547535290990268,0.044508532798664485
2529,0.0010545566625176407,0.04450786539334838
2530,0.001054541504758861,0.04450744451625835
2531,0.0010545123126918523,0.04450739187747414
2532,0.0010545051797984219,0.04450735049652196
2533,0.0010545210515616875,0.044507109776062564
2534,0.001054485770603323,0.04450702250538667
2535,0.0010544728994520932,0.0445070316109303
2536,0.0010544763970351608,0.04450713572346545
2537,0.001053822060293674,0.0444996789574621
2538,0.001053240362568024,0.04449450003413034
2539,0.0010532003196821922,0.04449451950313158
2540,0.0010532038172652598,0.044494508698230455
2541,0.0010532048316653944,0.044494314502112185
2542,0.0010532070702409502,0.04449412562195968
2543,0.0010532028109771952,0.04449409178833231
2544,0.0010531809118035258,0.044493897599704874
2545,0.0010524797998873966,0.04449869728839051
2546,0.0010524215068362715,0.044498698400476
2547,0.0010524821316094416,0.044498706083451876
2548,0.001052408638389065,0.04449873041420456
2549,0.0010524120426121679,0.04449851324651965
2550,0.001052257296229197,0.044494317589521326
2551,0.0010522619596732869,0.044494308348689546
2552,0.0010522331259605329,0.044493874291727034
2553,0.0010522296283774653,0.04449386516684841
2554,0.0010522389085856631,0.0444937975726381
2555,0.0010522055106237816,0.044493566455641224
2556,0.0010521751982371964,0.04449356102754277
2557,0.0010517340311498784,0.044491845226085014
2558,0.001051711071429781,0.044491808757425484
2559,0.0010509952091907087,0.04448663648652383
2560,0.0010510418447701449,0.04448658936107428
2561,0.0010510414867005242,0.044486443529127354
2562,0.0010503706129882336,0.04448179725809845
2563,0.0010503966194310814,0.04448175943512939
2564,0.001050444420302272,0.044481715436280996
2565,0.0010503822257367991,0.04448156961632528
2566,0.0010504078746792942,0.044481545406088806
2567,0.001050386438747523,0.044481399588946834
2568,0.001050412087690018,0.044481396717472
2569,0.0010503619555237334,0.044481414675505426
2570,0.0010498378631022126,0.04447747047800466
2571,0.00104977607246802,0.04447745961962577
2572,0.0010497663880794873,0.044477401648284405
2573,0.001049769077871153,0.044477405454280076
2574,0.0010498075060280834,0.04447733260450217
2575,0.0010497743649484218,0.04447734657771276
2576,0.0010497735087692335,0.044477389361266176
2577,0.001049778485453083,0.04447724367866697
2578,0.0010497295039021103,0.044477460817739886
2579,0.00104914227232148,0.04447050233283911
2580,0.0010484078777380445,0.04446661149132969
2581,0.0010483651532437754,0.044466322250810576
2582,0.0010483346542439988,0.04446647071648312
2583,0.001048328777120368,0.04446617990702241
2584,0.0010480659579147169,0.04447203175088863
2585,0.001048066224332177,0.04447183490926861
2586,0.0010479912113083509,0.04447139880984302
2587,0.0010479502547472547,0.0444713315053944
2588,0.0010479801179991163,0.04447118612768332
2589,0.0010479722561223335,0.044470823159302286
2590,0.0010479328821264924,0.044470735404377605
2591,0.0010479635986934124,0.04447073920300644
2592,0.0010473824238938605,0.04445278796330109
2593,0.001047346282202163,0.044452786632855845
2594,0.0010473913466017056,0.044452752999700376
2595,0.0010473493756048954,0.0444527520016831
2596,0.0010473652910594862,0.04445245725261928
2597,0.0010473676227815312,0.04445228953430043
2598,0.0010470302004962284,0.04444348148504303
2599,0.001046661566380778,0.04444540521548254
2600,0.001046653716885576,0.044445254221970806
2601,0.001046049417669556,0.044443184769482544
2602,0.0010456011530723761,0.04444118436304976
2603,0.0010455918267534643,0.04444114819320294
2604,0.0010455865614506993,0.044440763299967
2605,0.0010450695063567307,0.04444318690473929
2606,0.0010448689288946442,0.04444230502623369
2607,0.0010447107716708291,0.044440861199081416
2608,0.0010445589347992121,0.044436332633800965
2609,0.0010439801377968403,0.0444144899086423
2610,0.0010440403578204074,0.04441434536985809
2611,0.001044009284784933,0.04441431434636454
2612,0.0010439987470635525,0.0444143053121429
2613,0.001043907333408627,0.044413155862827444
2614,0.001043932982351122,0.044413144166621836
2615,0.0010438917730349994,0.04441313948218443
2616,0.0010438760011782812,0.044412417204065864
2617,0.0010438425040214373,0.04441230971592224
2618,0.0010438545201320148,0.044412261754236806
2619,0.00104371362962731,0.044410529920935214
2620,0.0010437213870078215,0.044410347261272555
2621,0.0010434598739699843,0.044411183391294254
2622,0.001043425912575023,0.04441099636775009
2623,0.0010434227727769423,0.044410991418124095
2624,0.0010434076165836497,0.04441101271659425
2625,0.0010428754449138887,0.04440983058907065
2626,0.0010428164790768442,0.04440868154528919
2627,0.0010428269718260469,0.04440867913485911
2628,0.0010428506926575638,0.04440864166677471
2629,0.00104280633210463,0.04440698760594272
2630,0.00104281099554872,0.04440693965842839
2631,0.001042783419064515,0.044406933716391615
2632,0.001042759247586156,0.044406949117299935
2633,0.0010427413755927626,0.044406516727739376
2634,0.0010427677873544813,0.04440653053014391
2635,0.0010427343348851815,0.044406519251617434
2636,0.0010427110178070484,0.04440652879094095
2637,0.0010427104616321369,0.04440640028035054
2638,0.0010421761786182351,0.04440049831780593
2639,0.0010421560208356147,0.04440006584321487
2640,0.0010421482645580603,0.04440002350755837
2641,0.00104192510058447,0.04440305204279638
2642,0.0010418579532799862,0.044402619550624405
2643,0.0010418859339445263,0.04440261776828739
2644,0.0010419181738728213,0.0444025456747711
2645,0.0010418751953070935,0.04440237244074112
2646,0.0010414027695495392,0.04440297240621235
2647,0.0010413510656340928,0.0444028283337272
2648,0.0010413835581750974,0.044402857180848326
2649,0.0010413679058468856,0.04440281619305665
2650,0.0010413613148610858,0.04440279613082997
2651,0.00104136593130498,0.04440282851325539
2652,0.0010413799244835904,0.04440264150134975
2653,0.0010409023555134841,0.04440437761497252
2654,0.0010409023555134841,0.04440432044152787
2655,0.0010409352522348235,0.04440403289474793
2656,0.0010404686737854846,0.04439924295213552
2657,0.001040476028284304,0.0443991679630499
2658,0.001040481611380973,0.04439924845431103
2659,0.001040265373282919,0.04439783465550278
2660,0.0010402241649630157,0.044397648318105686
2661,0.0010400632678697337,0.044397712969827884
2662,0.0010397026492978678,0.04439676973205662
2663,0.0010396847648517353,0.04439672874765379
2664,0.0010396602362288164,0.044396659986954676
2665,0.0010396567386457489,0.04439664288374514
2666,0.0010396278568298423,0.04439649714400815
2667,0.0010390233314720785,0.044389102156966086
2668,0.0010390897855503613,0.04438908527709165
2669,0.0010390567383999324,0.044388941601712945
2670,0.0010389316156603314,0.04439074777341744
2671,0.0010389564107007104,0.0443905323091073
2672,0.001038926455956795,0.0443905242558202
2673,0.0010389054704583898,0.044390526766705934
2674,0.0010388579088754777,0.04439074232351903
2675,0.0010388788481208514,0.044390731634999285
2676,0.0010388414029475737,0.044390708711187395
2677,0.0010382368952193306,0.04436431456797146
2678,0.0010377607708914982,0.0443631961656068
2679,0.0010377972240795718,0.04436326398130906
2680,0.0010377839954279894,0.04436325502273646
2681,0.0010377921564551469,0.044363247926036915
2682,0.0010377583464854943,0.044363258316118946
2683,0.0010377878983299279,0.04436324383584364
2684,0.0010377255047341037,0.04436292968033492
2685,0.001037303774362438,0.044369976448319075
2686,0.0010368771391770174,0.044368804073686804
2687,0.001036920277173386,0.04436876678054068
2688,0.0010362503352462004,0.04436741466306406
2689,0.0010362315449522397,0.04436748660690027
2690,0.0010362404682293528,0.04436747766203508
2691,0.0010362311413411728,0.04436746871717911
2692,0.0010362134556407576,0.044367405204607274
2693,0.0010359098990777994,0.04436635078762802
2694,0.0010353224859540214,0.04434468370658072
2695,0.0010353158943989533,0.04434467466265682
2696,0.0010352870934902721,0.0443433805017998
2697,0.0010352538469536993,0.04434331657515739
2698,0.0010352456859265419,0.04434331771017073
2699,0.0010347206284711025,0.04434529017608575
2700,0.0010340767144588446,0.044323707649986985
2701,0.0010341272041254818,0.04432365080006544
2702,0.0010341326747917055,0.04432364551053634
2703,0.0010334561956923428,0.0443205494251218
2704,0.0010330241612126836,0.04431554147422617
2705,0.0010323551056003152,0.04429402784299998
2706,0.0010318306791785397,0.044292493443087555
2707,0.001031811064477665,0.04429230471669766
2708,0.0010313468776124673,0.04429094106714555
2709,0.0010313510917617271,0.044290656751878946
2710,0.0010311503431990044,0.04429008885730575
2711,0.001030507170106939,0.04428746080850106
2712,0.001030485640672886,0.04428708405159769
2713,0.0010304832033516127,0.04428694222157601
2714,0.0010304889863681146,0.04428706319382907
2715,0.0010304563422594845,0.04428705904478779
2716,0.0010295469557186463,0.044284776453457055
2717,0.0010295391524764756,0.04428475247852348
2718,0.001029535457357385,0.04428461065269417
2719,0.00102952061212678,0.04428439793874484
2720,0.0010295543292701565,0.044284120022958506
2721,0.0010294925386359639,0.0442841081969201
2722,0.0010295060789618188,0.044284143180007216
2723,0.001029498276288916,0.044284293047451524
2724,0.0010292621477863417,0.044285019820694944
2725,0.0010289002059864093,0.04427723032071539
2726,0.0010282783630845697,0.044256851238942935
2727,0.0010282818606676372,0.044256840963651185
2728,0.0010282858899292994,0.04425668913639533
2729,0.0010281841319262433,0.04425575600932271
2730,0.001028216730066476,0.04425553861437879
2731,0.0010275273832670712,0.044254868343049536
2732,0.0010275261684489939,0.0442548627079724
2733,0.0010269860573218848,0.04424398665464813
2734,0.001026956805481728,0.044243977824069504
2735,0.0010269579724812867,0.044243957053956444
2736,0.001026924830832357,0.04424394489133154
2737,0.001026912768041797,0.04424389802695154
2738,0.0010264492456013938,0.04424163025950843
2739,0.0010264583280245139,0.044241746647436735
2740,0.0010264212283791693,0.044241750135766214
2741,0.0010264028859924476,0.044241684886960425
2742,0.0010264066931150323,0.044241482854901516
2743,0.0010263880393386723,0.04424147403126047
2744,0.0010263444067906613,0.04424143735270869
2745,0.0010263541371475912,0.04424122022343859
2746,0.0010263384703208332,0.04424111623368874
2747,0.0010263796340955096,0.04424102257748099
2748,0.0010259998534086802,0.04424228748714117
2749,0.001025379864506231,0.04422093024164897
2750,0.00102515567067332,0.04421615855259711
2751,0.0010250904960962,0.04421610299991181
2752,0.0010251273990772131,0.04421606644891216
2753,0.0010244634772133149,0.04421115770223719
2754,0.0010241017760358828,0.04420882907038633
2755,0.001024109892731289,0.04420867323182986
2756,0.0010241028940072283,0.04420875608479896
2757,0.0010241219513946551,0.04420875289928913
2758,0.001023597443692072,0.044206745981114993
2759,0.0010234751377087075,0.04420623274852711
2760,0.0010229349852740835,0.04419975556769867
2761,0.0010229807644608559,0.04419947627824023
2762,0.001022936462880537,0.044199406027158904
2763,0.0010226019281008188,0.04420378493561741
2764,0.0010225844401854812,0.04420376737926368
2765,0.0010225902694905938,0.0442037025085424
2766,0.0010222113504799477,0.0441994442837458
2767,0.0010216407712002758,0.04419529672680302
2768,0.0010216421558025572,0.044195084955945554
2769,0.0010216425130894341,0.04419480430068039
2770,0.0010211476572623596,0.04418456633006516
2771,0.0010211197289349033,0.044184282325363956
2772,0.0010210902125096179,0.04418516884806271
2773,0.0010210424587453607,0.04418507594979832
2774,0.0010210135777655666,0.04418489049329471
2775,0.0010206347567223988,0.04417124100410697
2776,0.001020558467399543,0.04417121987676116
2777,0.001020597298029004,0.04417093973157307
2778,0.0010205475240746573,0.044170839616510464
2779,0.0010205778364612422,0.04417083086095312
2780,0.0010205362229647847,0.044170815702057616
2781,0.0010202843901171283,0.04416055236573891
2782,0.0010202326406602358,0.0441602004001482
2783,0.0010202796326014886,0.04416014375217164
2784,0.0010195759627326224,0.044162573550404566
2785,0.0010195769903860294,0.04416220269484682
2786,0.0010195905771072326,0.04416220370382345
2787,0.0010188691635615555,0.04414472281711548
2788,0.0010188388511749703,0.04414435220671966
2789,0.0010188687593812205,0.0441443479781652
2790,0.0010184184564307416,0.04413654118706549
2791,0.0010184277838881897,0.04413653696139614
2792,0.001018436751995164,0.04413646727189076
2793,0.001018419483212457,0.04413602915564529
2794,0.001017769357471466,0.044114927656402354
2795,0.0010177203913085211,0.04411492511811763
2796,0.0010177867070546608,0.04411449646369272
2797,0.0010177578728437972,0.04411421977682611
2798,0.0010177769308004922,0.04411419811162981
2799,0.0010177589454871722,0.04411417491221638
2800,0.0010177063284657296,0.044113892672445594
2801,0.001017749869219263,0.044113788728599224
2802,0.001017691170564633,0.04411361240109504
2803,0.001017710898549855,0.044113333729422013
2804,0.0010176063614512035,0.04411211344936415
2805,0.0010176385541302482,0.04411197410393513
2806,0.0010176229940412548,0.044111940603540276
2807,0.001017042117467017,0.04410782991108076
2808,0.0010170339564398595,0.04410782778715733
2809,0.0010170009081508944,0.0441078192915366
2810,0.0010170260014521666,0.04410780457210838
2811,0.001017016223863776,0.04410759561672951
2812,0.001016435796299734,0.04410611488745826
2813,0.0010164480779382907,0.044106186004634014
2814,0.0010164410366614413,0.04410617446292653
2815,0.0010160901616641986,0.04409614174984959
2816,0.001016071865245874,0.04409592336782461
2817,0.0010160585911951625,0.04409585454273288
2818,0.0010160833722884736,0.044095715401824116
2819,0.0010160670041234443,0.04409572481461761
2820,0.0010159985763927373,0.04409573263589225
2821,0.0010160411125304312,0.044095535042774595
2822,0.0010160216508915108,0.04409546546904567
2823,0.0010160210483212508,0.04409543646052614
2824,0.001015958401650187,0.04409529732566364
2825,0.0010154082254365184,0.044090842159496865
2826,0.0010154062978948084,0.044090856607897966
2827,0.0010147863684808734,0.04408814560833505
2828,0.0010146276350688158,0.0440879414342596
2829,0.0010146065431172802,0.04408780246238009
2830,0.001014016221211523,0.04408344703274269
2831,0.001013979881058742,0.04408344143430537
2832,0.001014005125820902,0.04408340802374304
2833,0.0010134499896990027,0.04408455377541411
2834,0.0010133956680220921,0.04408451295101397
2835,0.0010133518689631686,0.04408400082948888
2836,0.0010133538438252875,0.04408386195687839
2837,0.0010130836392558136,0.044083152806273285
2838,0.0010130706620784043,0.04408272532874542
2839,0.0010130877456888795,0.04408268917457594
2840,0.0010130749211820528,0.04408236801595751
2841,0.0010130690463354942,0.04408229859111288
2842,0.00101304698648591,0.044082533679466615
2843,0.0010129846563278972,0.0440819784551111
2844,0.0010130553221360502,0.044081610876678924
2845,0.00101299794799034,0.044081680486508665
2846,0.0010130146730864536,0.044081644469826625
2847,0.0010129979015772019,0.04408153823620187
2848,0.0010129679932286348,0.04408143476520392
2849,0.0010129963780735097,0.0440814565277223
2850,0.0010129486778026621,0.04408141788035742
2851,0.0010129257540176123,0.04408072409814633
2852,0.0010129010272894026,0.04408010620834833
2853,0.0010128641103969006,0.0440792738584117
2854,0.0010128251264920095,0.04407923305111005
2855,0.001012772478587774,0.04407898215611492
2856,0.0010127639133802816,0.04407893597767313
2857,0.0010123996923554945,0.04406886802305619
2858,0.0010123042489941663,0.04406852141233854
2859,0.0010123675180175558,0.044068174815798285
2860,0.0010123228112606827,0.0440680644816753
2861,0.0010123398949956853,0.04406808628935781
2862,0.0010122886966614504,0.044067173095922854
2863,0.001012280535634293,0.04406719266095851
2864,0.0010123073504378103,0.04406717238237149
2865,0.001012265737225987,0.044067136286123854
2866,0.0010122607717851818,0.0440667897475483
2867,0.001012226554788854,0.044066443223145894
2868,0.0010121879444661389,0.044066013382675524
2869,0.0010121829315803974,0.04406614350760869
2870,0.0010121338606721261,0.04406603307134085
2871,0.0010121361923941712,0.04406603428006689
2872,0.001012175784988954,0.04406605313960204
2873,0.0010121492815750746,0.04406566205938721
2874,0.0010114743233643289,0.044048390165453685
2875,0.0010113332683055704,0.044049238679474766
2876,0.0010112970769808121,0.04404913836111491
2877,0.0010113035770616162,0.04404910954229092
2878,0.0010106597156354972,0.04404463722515129
2879,0.0010106355890581581,0.04404452204512303
2880,0.0010106487744453666,0.04404448119695924
2881,0.0010106318933697995,0.04404419860965499
2882,0.0010100352557905162,0.04402914814116598
2883,0.001010052900112258,0.044028870526222785
2884,0.0010096686916049539,0.04402710944308984
2885,0.0010094185394857165,0.04402204053497891
2886,0.001009368003708365,0.04402170058792737
2887,0.0010093586301402027,0.044021562550642775
2888,0.0010088190596042915,0.04402135503028489
2889,0.0010088182506743535,0.044021336319705874
2890,0.0010088148467358848,0.04402119840575518
2891,0.00100883502387362,0.0440209330042006
2892,0.0010087767181918594,0.044020922543781364
2893,0.0010087952786260444,0.04402078463418565
2894,0.001008762992017767,0.044020646726836525
2895,0.001008723719671857,0.04401936942614614
2896,0.0010087412075871945,0.044019358244747474
2897,0.0010087132269226546,0.044019220352673936
2898,0.0010087223555632265,0.044018809201561176
2899,0.0010087164798627658,0.044018805089776146
2900,0.0010087005622734196,0.04401876930375125
2901,0.00100783982182455,0.04398398492502017
2902,0.0010078642119907986,0.04398401034624557
2903,0.0010078330918128118,0.04398399892213242
2904,0.0010078314146067387,0.04398372337144653
2905,0.0010078026255815288,0.04398369647972734
2906,0.001007576494974091,0.04398557074124785
2907,0.0010075768516205415,0.04398536406370641
2908,0.0010075737579331749,0.04398536286827137
2909,0.00100758075309931,0.0439853463988066
2910,0.0010074912685160025,0.04398509824976364
2911,0.0010074428058706717,0.04398507769159359
2912,0.001007432532005045,0.043984955910374934
2913,0.00100745818094754,0.04398494449199263
2914,0.0010074429780742651,0.04398492683506972
2915,0.0010074502834559232,0.04398465242951503
2916,0.00100692211546634,0.043969732804801556
2917,0.0010069473603708172,0.04396973967618316
2918,0.0010068746332429557,0.04396884612585193
2919,0.0010068823909436804,0.04396874483225338
2920,0.0010068546731208854,0.04396865394951362
2921,0.0010068182325634473,0.04396774197859645
2922,0.00100682903613302,0.04396745525245298
2923,0.0010068092164956374,0.0439674195570487
2924,0.0010068456211891868,0.04396737863851196
2925,0.0010068052202337342,0.04396736145412556
2926,0.0010067877334569329,0.0439672702177895
2927,0.0010067888993179554,0.043967265354990716
2928,0.0010063080344813668,0.04397093142786255
2929,0.0010062884216306134,0.04397064504484875
2930,0.0010063237078547077,0.043970280568521265
2931,0.0010062238572377139,0.04396959360787704
2932,0.0010056061089655224,0.04394968362894871
2933,0.0010055764976681539,0.043949028251812086
2934,0.001005581161112244,0.0439490124146191
2935,0.0010055729546859572,0.043948976810808456
2936,0.001005564030981893,0.043948931031826524
2937,0.0010052177644232123,0.04394526761763333
2938,0.001005160543588511,0.043944993344646785
2939,0.001005176865642826,0.04394496868805418
2940,0.0010051601418275653,0.04394437704982789
2941,0.0010051985674227894,0.043944360364371236
2942,0.0010051810331121035,0.04394440011292012
2943,0.0010051689244954633,0.04394398875737186
2944,0.0010051357830955885,0.04394395654215111
2945,0.0010051182476819459,0.043944128155173685
2946,0.0010044471248170283,0.04394576737337239
2947,0.0010044315633048646,0.04394563632810877
2948,0.0010044420560540673,0.043945630225145346
2949,0.0010044855054400742,0.043945266662647156
2950,0.0010044705096380626,0.043944903129876894
2951,0.0010043930059418704,0.04394473185359183
2952,0.0010043719743327512,0.04394445763405086
2953,0.0010043400452248263,0.04394432035193765
2954,0.0010043365476417588,0.04394431753082282
2955,0.001004306104270147,0.043942349908561995
2956,0.0010037323647876916,0.04392157792599265
2957,0.001003684122876058,0.04392116193790505
2958,0.0010037098172176822,0.043921170073654196
2959,0.0010036898591414191,0.043920896248757536
2960,0.0010037092747407837,0.04392090446341857
2961,0.0010037213386698799,0.04392090386466787
2962,0.0010032297808974116,0.043914867593969016
2963,0.0010031931897329877,0.043914560130028486
2964,0.0010025979003139337,0.04391727043608074
2965,0.0010025983044942687,0.043917213851755295
2966,0.0010025993753764704,0.04391712945384102
2967,0.0010019738670642184,0.04392516357131856
2968,0.001001922882276671,0.043924883218707036
2969,0.001001922882276671,0.043924883218707036
2970,0.0010019360179596604,0.04392480395299117
2971,0.0010015801241527304,0.043923725973723286
2972,0.0010015266425553954,0.043923452655381806
2973,0.0010015111288617503,0.04392359726540682
2974,0.0010010793715444864,0.04392229138735401
2975,0.001001066547642507,0.04392228457355775
2976,0.0010008760061809392,0.04392031901794874
2977,0.001000855424862869,0.043920326860245
2978,0.0010008523325986726,0.043920329563517636
2979,0.0010008523325986726,0.043920329563517636
2980,0.0010008554261437222,0.04392033820306506
2981,0.0010008766307747579,0.043919912948156135
2982,0.0010008334939169252,0.04391990163612946
2983,0.0010008186954908297,0.043919884259993026
2984,0.0010008237175738084,0.04391986165900165
2985,0.0010008085602419797,0.04391983908458561
2986,0.0010008442981802935,0.04391984393690933
2987,0.001000780177104909,0.04391967320251398
2988,0.0010007889013694603,0.04391959876151327
2989,0.0010007953999559354,0.043919462172313614
2990,0.0010005802820173511,0.043919952234408796
2991,0.0010005666010111229,0.04392009500880132
2992,0.0010005743122809198,0.043919924325275174
2993,0.00100058556671081,0.04391991119010509
2994,0.0010004430252219428,0.04392071947737603
2995,0.0010004273596404588,0.04392054879769305
2996,0.00100043000189824,0.04392034813605565
2997,0.001000401071979181,0.04392013395299838
2998,0.0009998617295952415,0.043913479885889194
2999,0.000999883476774334,0.04391344578662539
3000,0.0009998810989415748,0.04391341168749954
3001,0.0009998196652384666,0.043913386067111065
3002,0.000999821998099048,0.04391335196817261
3003,0.0009998204282000074,0.04391335097101898
3004,0.0009998365575570782,0.043913393529041916
3005,0.0009998384829462434,0.043913110409811655
3006,0.000999801938212747,0.0439130559765745
3007,0.0009997984406296795,0.04391302187971923
3008,0.0009998007723517246,0.04391299942303579
3009,0.0009998073639067926,0.043913042430094196
3010,0.0009997738065498495,0.043912759323629105
3011,0.0009997690501371665,0.04391267908181476
3012,0.000999747117376681,0.04391245003180427
3013,0.0009991413912546455,0.04390774737324277
3014,0.000999112648767101,0.043907713285615484
3015,0.0009991157423121504,0.04390767919812597
3016,0.0009990733671350054,0.043907656781819335
3017,0.0009991128672237257,0.043907385843822096
3018,0.0009991012086135007,0.04390738682413053
3019,0.0009990585297674156,0.043907554776789925
3020,0.0009990429224291718,0.04390734356869052
3021,0.0009990532778424506,0.043907331954602315
3022,0.0009990299606220006,0.043907297869834466
3023,0.0009989740006449322,0.043907356059467904
3024,0.0009988615696837479,0.043906871457710536
