0,0.6576329726915741,0.663813150552197
1,0.6232705535717231,0.6360941142349834
2,0.592087363059152,0.6104355357928908
3,0.5635903008580481,0.583821074881187
4,0.5329023176726765,0.5548701741263312
5,0.5031913273710493,0.5262905162292776
6,0.47960734218905493,0.5047640626939338
7,0.4605028232728065,0.4883078707784
8,0.44157101021747136,0.47168222552551337
9,0.42092058292993123,0.45652338777578416
10,0.40163097204526654,0.4379869329522936
11,0.3829602592221682,0.4214825559057874
12,0.36594290238939464,0.4071327164841292
13,0.3507669462770005,0.39442863214690255
14,0.33585666606434983,0.3822007790024519
15,0.32390234395315126,0.36757974190077763
16,0.312848776068839,0.36007967434475413
17,0.3026358471741595,0.350335489415147
18,0.29059182843398346,0.3401857141726852
19,0.27945665523300545,0.3311671905896384
20,0.26926652234603254,0.3214056808141991
21,0.2591526633297027,0.3134246458387087
22,0.24956844233358985,0.30372405993907753
23,0.2406551799484162,0.2943632169953842
24,0.2334514814804702,0.28915721469267736
25,0.2258086929548632,0.2831232213677215
26,0.21890504290247315,0.2750281922139071
27,0.21075346798141895,0.2670119798702132
28,0.2043509298256965,0.26120856188567215
29,0.19640755952133235,0.254495955408431
30,0.19078171861638066,0.25078580531363526
31,0.1848482299586963,0.24602980666356197
32,0.17860524675155326,0.2422564089983112
33,0.17226477486507233,0.2355526895836309
34,0.16713269699756558,0.2319116059298668
35,0.16214425249758443,0.22765902509496438
36,0.1573595169448911,0.22258576161974297
37,0.15219383324271019,0.22061032643733966
38,0.14864778933103917,0.21776720385414433
39,0.144642517617323,0.2144005528035873
40,0.14045645571643975,0.20963376179671725
41,0.13618355255328063,0.20619118522228033
42,0.1326260628374544,0.20414331621601683
43,0.12923695091476942,0.20091748296831283
44,0.12533068278927384,0.19724775840610786
45,0.12238295997486137,0.19377260088849244
46,0.1194511306515387,0.19072771680649078
47,0.11714073160349012,0.1890322259215859
48,0.1144559381661759,0.1861974754094215
49,0.11212997047417321,0.18436515247447707
50,0.1093169996437496,0.18257067194014442
51,0.10639176287285274,0.17890963404018323
52,0.10376397531233673,0.17544041205285815
53,0.10117372501104123,0.17338538621090438
54,0.09911313310065159,0.17124031067359033
55,0.09688812605399083,0.16797933860509864
56,0.09457976091880815,0.16534944580434865
57,0.0921728809143264,0.16306868670137636
58,0.09013500433497149,0.1606478408634643
59,0.08815795261057635,0.1588400741824416
60,0.08608117709642225,0.15623137597908954
61,0.08472761780041792,0.1542815605187877
62,0.0830515069035417,0.15212980131051956
63,0.08159528394436924,0.15088810592917054
64,0.0801888165407994,0.14962782746139922
65,0.07856162756790741,0.14803090097453966
66,0.07719139931928412,0.14655520236461317
67,0.07552746002514525,0.14530016794059683
68,0.07423916475478477,0.14421455956323428
69,0.0728870177263517,0.14371237789544883
70,0.07140814235165241,0.14238801441773621
71,0.06998530379098027,0.1413711537820011
72,0.06853077830268585,0.13871527042946227
73,0.06749800517062103,0.13843948714671483
74,0.06625136198853951,0.13819044085781187
75,0.0651821213202838,0.13725203376678144
76,0.06397860547331842,0.136978507055602
77,0.0628730527314296,0.1360060578536047
78,0.06170435441079524,0.13451321469426294
79,0.0607235150316088,0.13393560980348654
80,0.0597334201960007,0.1329537906506376
81,0.058581347732114764,0.13071958251139
82,0.05750720361407054,0.12998495863953807
83,0.056658099282505606,0.13006278767492185
84,0.05551945529923681,0.12938411989804355
85,0.054675181678662525,0.12929306942543137
86,0.053852928292306826,0.12784636809429709
87,0.05295202769748958,0.12762304151023743
88,0.05213291962656095,0.1259939980254715
89,0.051389943480418775,0.12505155008683524
90,0.05079008136992058,0.12440905683282767
91,0.05016227630547687,0.1233815375600415
92,0.049317566541303634,0.12294078789847364
93,0.04873507862459768,0.1224946443289416
94,0.04793031822006539,0.12225480252333785
95,0.04732278928452133,0.12211584492904365
96,0.04653048037134639,0.12127567556746906
97,0.045848244400398946,0.12084684142670922
98,0.045228398225126754,0.12073748410368636
99,0.04454158448721202,0.11956031849500952
100,0.04394134867499175,0.11900547817729941
101,0.04332948959726285,0.11886890736054524
102,0.04282434458427659,0.11898577384060195
103,0.04192501834131468,0.11819732528696987
104,0.041478676976485766,0.11756479787170197
105,0.04097124336464991,0.1167797630654509
106,0.040643255044148285,0.11656721826136686
107,0.04018221176422968,0.11574038598183786
108,0.03973103284353076,0.11538334173365136
109,0.03919946382728503,0.11450477941621369
110,0.038690360183292465,0.1138672552805021
111,0.038183734398153056,0.11357338962713474
112,0.037732916263622074,0.11313097389520721
113,0.03725841778278132,0.1126727775355537
114,0.036756486113895925,0.11235909033885966
115,0.036338478572721294,0.11214411012581263
116,0.035806543418049154,0.11204143417256664
117,0.03538327583073112,0.11146064345141085
118,0.034988932788581534,0.11119185085502314
119,0.0346942836484783,0.11113159873299959
120,0.0343228989112257,0.11064599366192975
121,0.03394586503993,0.11018754217831603
122,0.03360450317431925,0.1100548635161435
123,0.03323806926362162,0.1099562277719154
124,0.03288991594331881,0.10981251073874611
125,0.03254668119370318,0.1093038976718527
126,0.03218336875862408,0.10883573290941348
127,0.03184229898560237,0.1085275111486293
128,0.031553457495653976,0.10837901153326647
129,0.0312360914305654,0.10797137795676993
130,0.030882145790497074,0.10750662381596712
131,0.03051228441803518,0.1069327063240558
132,0.030231623218137507,0.10621300567260379
133,0.029900535409427578,0.10574471681354788
134,0.02963941581410636,0.1053172827139996
135,0.029272687211541647,0.10489837154757654
136,0.028948623331805604,0.10412821661893532
137,0.028633625194211754,0.10351957445843042
138,0.02834748146909774,0.10278617115819709
139,0.028098991172602242,0.10248501246003322
140,0.02778471711326236,0.10227337533270185
141,0.02754000109486045,0.10223394542693937
142,0.027309570800795387,0.10193936251931425
143,0.02707826027027297,0.10190996174840115
144,0.02672264051981143,0.10121001691450576
145,0.026472803539981323,0.1012775757175306
146,0.02624203070934434,0.1008332691570987
147,0.025997580251084926,0.10054763010374745
148,0.025746618518218727,0.1003099873839781
149,0.025493531621090866,0.10016798107935303
150,0.025280442801566026,0.09958512944735023
151,0.024993025768356977,0.09922696692663106
152,0.024824526665326946,0.09878349372078249
153,0.02456019914192136,0.09900340141395968
154,0.024366264706272588,0.09843225408782116
155,0.024123803187562447,0.09829969538698263
156,0.0239158835350866,0.09839525475950925
157,0.02365749418134357,0.09842765351653421
158,0.02345768278373592,0.09803400291215303
159,0.02323999646982784,0.09773424383352171
160,0.023014798945426247,0.09735668102463875
161,0.02282589516650275,0.09695233936691446
162,0.02260566312275499,0.09650925461752032
163,0.022398378292421986,0.09643141472662695
164,0.022208358545407363,0.09614313646052683
165,0.022068762584773863,0.09599246196689858
166,0.021858072321643385,0.09577599730280145
167,0.02165736806633584,0.09573347174653002
168,0.02151325405438711,0.09556212474329842
169,0.021350933173967385,0.09550749461123632
170,0.021192860979163303,0.09512200767378592
171,0.020995961585307543,0.0947760200649028
172,0.020815368749151204,0.09476096804475045
173,0.0206728569313902,0.09451800950629094
174,0.02050071019248941,0.0943271364529462
175,0.02032951848788647,0.09421043679226655
176,0.020164173171561765,0.09402513118876858
177,0.019955811419804334,0.09354491057146584
178,0.01978438077175712,0.09343121481520854
179,0.019636654620648595,0.09318102121695256
180,0.019505439829969357,0.09294843687259464
181,0.01936874845324763,0.09281053982313096
182,0.019218357615764903,0.09279281101942952
183,0.019019636140526035,0.09286602571805981
184,0.018906467943736932,0.092729821011546
185,0.01874993142642281,0.09243536610089809
186,0.018650441254035987,0.09213135521487495
187,0.01851367907858201,0.09190225533284983
188,0.01833681873339604,0.09190633454290405
189,0.018201078003053817,0.09163719124690116
190,0.018083882493064866,0.09154939608177631
191,0.01798265756274093,0.09143830985355848
192,0.01785928171986491,0.09127883689506824
193,0.01775261094682101,0.09132310181943847
194,0.01762094050201799,0.09113942033397084
195,0.017512355221225937,0.09091564531436147
196,0.01736716069747901,0.09069386389139986
197,0.01724095927029939,0.09039111458152568
198,0.017119115209981144,0.09028543124434955
199,0.017018026713860247,0.0901056648758202
200,0.01691194222545511,0.08971238185775275
201,0.01681077777872586,0.08973343610457818
202,0.016702359430104823,0.08940301745210297
203,0.016602257132293397,0.08926524371592118
204,0.016493934202679687,0.08886793272084388
205,0.01638626508656115,0.0887697903112486
206,0.016280494866583013,0.08832207670550338
207,0.016169589151193396,0.08807504698444876
208,0.01605367479267505,0.08788858614488465
209,0.015932538592732515,0.08775045641615244
210,0.015848559885875555,0.08753727504949883
211,0.015738286272665908,0.08740971725015742
212,0.015639569071829684,0.08738096572887694
213,0.015550432334515132,0.08715174099020931
214,0.015454458203143952,0.08697223007604793
215,0.015357201323505208,0.08668911423212587
216,0.015245510376238407,0.08677844568986105
217,0.015135785943912775,0.08670043206368391
218,0.015056957798146968,0.08621357095538969
219,0.014911136850099874,0.08606959153921205
220,0.014832192560553114,0.08601375676458534
221,0.014753271636045322,0.08589731907326607
222,0.014664909957502775,0.08579239106062184
223,0.014581095329075961,0.08580844217131907
224,0.01450944442585484,0.0856747591543343
225,0.014426872498255614,0.0855182032531669
226,0.014332980921715133,0.08546491896500712
227,0.014246918446632572,0.08529643736230677
228,0.01412778473766589,0.08486242046429124
229,0.014029878232067947,0.0846308160885207
230,0.013940882300650633,0.08441816372561804
231,0.01384210348992283,0.0844745903067166
232,0.013745015916872251,0.08434650170703023
233,0.013629273875516299,0.08432207428489741
234,0.01355141235206932,0.08428150407486946
235,0.013471008448640664,0.0840454388302833
236,0.013384667498430734,0.0840260847857102
237,0.01326023506297796,0.0835520743868539
238,0.013165626441205973,0.08354819372565832
239,0.013094703996187408,0.0831555889487375
240,0.013034824689811502,0.08294380933709129
241,0.012947616667183876,0.08265741297605345
242,0.012867568311802953,0.08240602998025116
243,0.01277326192754642,0.08222590171094646
244,0.012667108989778388,0.08201017661329876
245,0.01256942255439551,0.08202750559929867
246,0.012502646590309778,0.08181372777801289
247,0.01242421765972275,0.08178286092762616
248,0.012344027245770184,0.08167203153392545
249,0.012286559960686472,0.08163653277454455
250,0.012174678699131644,0.08141497297287038
251,0.012099515596315866,0.08131113883062224
252,0.012027390822677128,0.08110507208283002
253,0.011941867097779599,0.08125526856815976
254,0.011863415375975824,0.08118320104040067
255,0.01178262429482652,0.08088546972481611
256,0.011707970231240912,0.0806554313375578
257,0.01164351637113138,0.08060316107893994
258,0.011571649195567173,0.08057270381827117
259,0.011501009747087683,0.08036913197181189
260,0.011437000062665048,0.08016857291679033
261,0.011359025929737972,0.08011176593795302
262,0.01129402016422741,0.08010584062125668
263,0.011226078385514524,0.07993098395137763
264,0.011164493194478393,0.07995430042733545
265,0.011066517381915199,0.07980955099177829
266,0.011011763630960875,0.07973883665669819
267,0.010943036785743184,0.07955199659636154
268,0.010875111972642175,0.07950399708105635
269,0.01079709689425473,0.0794165523430745
270,0.01075348316112301,0.07940268198544032
271,0.010687582634280102,0.07915075911688241
272,0.010625486216031944,0.07914830101584511
273,0.010575727054969952,0.07903589644571227
274,0.010523041918040378,0.07895744475578784
275,0.010469308246523689,0.07880149402991203
276,0.01041202868840459,0.0787338372244568
277,0.01034807589094093,0.0788413522442912
278,0.010296654035872382,0.07881442325290962
279,0.010226272205107169,0.07876218317704532
280,0.010152110892568867,0.07872175141031358
281,0.01010219965011683,0.07867249752648801
282,0.010015410339245733,0.07838875835194906
283,0.00996954108287824,0.07827238787790922
284,0.009928908415678388,0.07824795264822482
285,0.009862712101411977,0.0781230630743951
286,0.009818685001381708,0.07796428861012453
287,0.00974378678327185,0.07780284837162066
288,0.00967669088682638,0.0777101872210783
289,0.009622985286772488,0.07745606121339646
290,0.009571122283100043,0.07726889893574419
291,0.009498236677267824,0.07704482435672903
292,0.009448936279671845,0.07694342870800579
293,0.009403154661270965,0.07693324698048905
294,0.009350159218589477,0.07715389688791059
295,0.009305403863016088,0.07690639691337506
296,0.009247270550221332,0.07708666542983422
297,0.009210831103425172,0.07702089775676071
298,0.009172206113517994,0.07693336430077173
299,0.00911753276029424,0.07701129962869861
300,0.009079026276345905,0.07698549124591812
301,0.009044643878324234,0.07695130472503749
302,0.009001508734557859,0.07707776372159507
303,0.00895448313106061,0.077053354468138
304,0.00891389356684714,0.0770976282685067
305,0.008867396188622072,0.07706243957905841
306,0.008823203039070943,0.07706858570058632
307,0.008780994234221799,0.07701518652637743
308,0.008728799728100577,0.07685740211079745
309,0.008676168565185226,0.07677435377491693
310,0.00862638241910856,0.07678122168731441
311,0.008591066219065165,0.0766891399538846
312,0.00854409214628355,0.07671603344117242
313,0.008499672395020067,0.07679492641054556
314,0.008457254089556252,0.07660578653442121
315,0.008421361022560532,0.07658047373109374
316,0.00836817093488412,0.0765120819434267
317,0.008326993128888236,0.07649290404929221
318,0.008282976772369758,0.07651223163134416
319,0.008229747309416651,0.07648158257972644
320,0.008194168016011655,0.07652553933147661
321,0.008139889041892046,0.07636967443174449
322,0.00809086974047598,0.07615773746337517
323,0.00804196220246533,0.07616198331170887
324,0.008008852573726463,0.07614515198648579
325,0.007958009621312883,0.07607376421469413
326,0.007929618408889817,0.07599613316234717
327,0.007879070609735101,0.07569315315215136
328,0.007832925235721667,0.07561857076093702
329,0.0077793866381433985,0.07542739778606727
330,0.007734967992540841,0.07543002310211563
331,0.007684565511159826,0.07525338474202839
332,0.007650382589938206,0.075130314481959
333,0.007603516525669766,0.07497251131429745
334,0.007571265798216927,0.07492093251305389
335,0.007538339450601306,0.0749152364806923
336,0.007498947328695467,0.0750198278528873
337,0.007463558585540116,0.07500606091394041
338,0.00741668599119756,0.07497834752014441
339,0.0073769447626546025,0.07498215210069022
340,0.0073408406995769705,0.07502008420822948
341,0.007303102743045671,0.0748444785076706
342,0.007276001440282583,0.0747918190504538
343,0.007223570919032083,0.07466199464283906
344,0.007191952606998976,0.07465504012391722
345,0.0071643155116831525,0.07465612625204529
346,0.007133966080404928,0.07461258970790884
347,0.007108355439120043,0.07455158453133862
348,0.007072625496888119,0.07453753499814221
349,0.007039228003371899,0.07449378859082832
350,0.007008162093426222,0.07445111724307207
351,0.006981254019319082,0.07427159765491441
352,0.0069429392947457855,0.07404965914931666
353,0.006912790292368468,0.07404401681266819
354,0.00688586598045869,0.07400262151570493
355,0.006864438954032593,0.07390068380240566
356,0.006828800313291994,0.07368089874527263
357,0.006790930961291727,0.07367235191249696
358,0.006757950909921904,0.07365558484602384
359,0.006717812873777184,0.0736263445218493
360,0.006683015808648678,0.07351867406546386
361,0.006651465504653387,0.07352274275814576
362,0.006623315885332857,0.07349494422508314
363,0.006591487335767552,0.07345213380452187
364,0.006559831876999956,0.07320385975298321
365,0.006535575967788705,0.07312886732556799
366,0.006495059009164362,0.07291897648674081
367,0.006469639508744752,0.07284405859753627
368,0.0064358399934158145,0.07265702330680276
369,0.006411579339497456,0.07263319195410235
370,0.00638678046566728,0.07262429420774412
371,0.006351353209961006,0.0727347299187039
372,0.006323277698528058,0.07270242485383445
373,0.006297378619924452,0.07261768829696044
374,0.0062673563147043415,0.07261509327846233
375,0.006247828769199277,0.07259741912407797
376,0.006228518575654208,0.07255455377783282
377,0.006199246029224939,0.07254363101476233
378,0.006177450143555657,0.0725078814329705
379,0.006150073348487611,0.07239305528640007
380,0.0061317214354915965,0.07247216171650435
381,0.006099567258751024,0.07245280540702737
382,0.006082360397182942,0.07251589042697762
383,0.006056283265329479,0.07247795622096768
384,0.006031017509843553,0.07249647441356986
385,0.006007576527240206,0.07239767600012352
386,0.005976692698258351,0.07242465668885431
387,0.00595752432234221,0.07241603492817238
388,0.0059295351226235716,0.07247523580751605
389,0.005910622138298893,0.07247271404147408
390,0.005884791697485914,0.07246642557023104
391,0.005863833979932332,0.07246429605589112
392,0.005844153878267645,0.07233029877061094
393,0.005826881839916529,0.0723001253505299
394,0.00580163181629624,0.07217544586328185
395,0.005782932542039031,0.07208452394019221
396,0.005764181843234686,0.07196342221619087
397,0.005745984200322158,0.07195245912562727
398,0.005730721479609681,0.07188482746651328
399,0.005709691899931081,0.0719432571880047
400,0.005686155164729312,0.07188722693979485
401,0.005665016059011157,0.0719131104770621
402,0.00564192230033308,0.07189321796750502
403,0.005624977368684963,0.07189352495550523
404,0.0056107043889795215,0.07187358191152335
405,0.005589830860766539,0.07194001660115251
406,0.005573405900999704,0.07192597561726612
407,0.005552436711982776,0.07179324965503427
408,0.005529057800662784,0.07177607785079755
409,0.005510118961462883,0.07176030707480245
410,0.00549191161850695,0.07169120233280783
411,0.005466310561846368,0.0716592773188318
412,0.005446362614854806,0.0716158986642524
413,0.0054290427046163065,0.07155812933679369
414,0.005409158613421205,0.07143258652959965
415,0.00539180302644071,0.07144186645811491
416,0.00537596748242938,0.0714252853392052
417,0.005354289119308337,0.07135390265224559
418,0.005336611766924895,0.071366818095716
419,0.0053205445446108165,0.07131331851239513
420,0.00529924019203979,0.07121887480461149
421,0.005282108396152832,0.07117635623919953
422,0.005262860274460385,0.07116485735659892
423,0.005242114417279973,0.07118831790406385
424,0.005225870822906986,0.07118855444556833
425,0.0052120111627085245,0.07115471630710778
426,0.005195977310746826,0.07113771404675878
427,0.0051786985298422844,0.07109806222768059
428,0.005159444642033483,0.07106449454865242
429,0.005142836395166086,0.07101933977601607
430,0.005123757105007594,0.07090496935377058
431,0.005107667050347151,0.07082829843904355
432,0.005094830747289596,0.07081644669816616
433,0.005070625525850274,0.07057608008010657
434,0.005051062674196733,0.07056909761705266
435,0.005039087874549589,0.07056321698527239
436,0.005024437829601627,0.07049180587019963
437,0.0050106778048368255,0.07048237930783911
438,0.004992340308270237,0.07049351765341795
439,0.004977754030455232,0.07050852363806914
440,0.004958948145807245,0.07051643062591532
441,0.004947821331730745,0.07049877257662031
442,0.004934622915683674,0.07042066330359663
443,0.004920633330720324,0.0705277405928258
444,0.004903178981136448,0.070629404340542
445,0.004884163972444623,0.07072221852373989
446,0.004871721447059488,0.07067225122884742
447,0.004857971595542182,0.07070035277998044
448,0.004841093262139489,0.0706118873500696
449,0.004825642048369883,0.07058370243240046
450,0.004810834239028659,0.07054333155162555
451,0.004797562365767416,0.07056970073813511
452,0.004784410492366767,0.07052177323224432
453,0.004771931873535405,0.07047651867451696
454,0.004759078262451226,0.07049945772293169
455,0.004741868610615662,0.07046950004860447
456,0.004728136921880999,0.07051641354519254
457,0.004710699671686998,0.07063402776053991
458,0.004692901242245444,0.07055670231671758
459,0.004677075520385521,0.07053480984235465
460,0.004659978928463419,0.0704907731343637
461,0.004645420881079323,0.07060101290956088
462,0.004630596787397793,0.07049043748313012
463,0.0046154979360517575,0.07048221727999913
464,0.0045988710688525,0.07045213179360181
465,0.004583810715968003,0.07036591873944496
466,0.004572727130543814,0.07036652854330891
467,0.004560861014704104,0.07036598035193267
468,0.004548016432923217,0.07029812521063449
469,0.004537362382464876,0.07025432035945575
470,0.004524378178722036,0.07024913439510005
471,0.00451174621600635,0.07020932441334682
472,0.004502591764677343,0.0701718141834538
473,0.004487921936809789,0.07018207094658707
474,0.004475899871118813,0.07009056111560484
475,0.004463769667833123,0.07004210080237906
476,0.004449954868449709,0.06997961971677782
477,0.004438365538434346,0.06993354598183556
478,0.0044257832755969975,0.06987006269692482
479,0.004412204916301482,0.06976358505136573
480,0.004399698471148386,0.06967767893052938
481,0.004385555467868911,0.0696400275336904
482,0.0043730701945072,0.0695543410582302
483,0.004361883504743162,0.06950513519690976
484,0.004350811419174563,0.06934550419762113
485,0.00434031233672237,0.06933234327080644
486,0.004326087299351237,0.06927029875633325
487,0.004316427657684689,0.06922024585366028
488,0.004304259263413382,0.06932372761623035
489,0.004290876027369134,0.06931957360299776
490,0.004279538541907003,0.06933200963618544
491,0.004270201719358614,0.06927314705619624
492,0.0042597969419272816,0.0692953363477412
493,0.004249173800163836,0.06925143017001992
494,0.004240472583711593,0.06920787183275608
495,0.004228945346469456,0.06911610840087185
496,0.0042188155754016195,0.0690515540733705
497,0.004207805916268497,0.0690777001709285
498,0.004197787592021867,0.06909222793571818
499,0.004186560401609304,0.06903174303982185
500,0.0041752231197316695,0.06892755020844053
501,0.004164122270754923,0.06898583137569601
502,0.004155253050911461,0.06898220121083339
503,0.004144715337856379,0.0689213831584352
504,0.0041338716511794505,0.06889643313491602
505,0.004125410723423102,0.06888929814418987
506,0.004116195949815751,0.06890374878819187
507,0.004103907813633448,0.06882527936560988
508,0.004093622591393183,0.06884102850865571
509,0.00408498501398858,0.06884232226774376
510,0.004076977836083129,0.0688143325406897
511,0.0040676380900585285,0.06882385336501037
512,0.004057377431878118,0.0688394237197836
513,0.004048186902330806,0.06882798800934121
514,0.004037787270584784,0.06874012590776257
515,0.004027830790056594,0.06869844672321915
516,0.004015119967914999,0.06865004223145794
517,0.0040046280734685035,0.06857357375170357
518,0.003989328928280412,0.06860351302614548
519,0.003975777221902804,0.06856398665030072
520,0.003965148704896697,0.06850972382467178
521,0.003952610552792544,0.06851182090269803
522,0.003944401774503641,0.0685160385607588
523,0.003936302598963166,0.06851942867296193
524,0.003927725169712035,0.06850069965064087
525,0.003918588172925026,0.06852627444449774
526,0.003911165934193237,0.06853618430547082
527,0.003899256027193198,0.06847387739595275
528,0.003887240392452534,0.06848218213712412
529,0.0038767415024841107,0.06849955331710846
530,0.003866002714408853,0.0684131052431958
531,0.0038583439163275036,0.06841609484541897
532,0.0038476358727133017,0.0684206650383575
533,0.003838068796099735,0.06836927762653558
534,0.0038288863984757495,0.06842960476362313
535,0.003820224581067143,0.06839164994809672
536,0.003810292401810434,0.06836631732466261
537,0.003801341818615425,0.0683753887354398
538,0.003788952293297991,0.06828643389240545
539,0.003780471814669951,0.06824891340642517
540,0.0037733978076102464,0.06827775120406243
541,0.0037658817814645975,0.06828239357388083
542,0.003757582934932501,0.06828936597825817
543,0.003748393396623228,0.0682512290384302
544,0.003740011299900542,0.0682393777025294
545,0.0037280661300875583,0.06824940440002165
546,0.0037204739126043217,0.06825309821815657
547,0.0037137436655447944,0.06829898150657153
548,0.003699595457233812,0.0683727296130607
549,0.003690820813952082,0.06827433277906485
550,0.0036793902017828533,0.06823937365933343
551,0.0036727950950511813,0.06819808463222124
552,0.0036632134343587397,0.06811691916396861
553,0.003653428737446438,0.0681149259401281
554,0.003643079300201555,0.06824922815741143
555,0.0036346521205781143,0.06816827892679544
556,0.0036267158598838316,0.06813048585955284
557,0.0036177881089640295,0.06805160179463791
558,0.0036100474521967474,0.06808203008477919
559,0.0036017161304151644,0.06800279759471922
560,0.0035938570364993203,0.06800712770563232
561,0.0035856719880790647,0.06792629355368135
562,0.0035785669095137937,0.06793036950117631
563,0.0035728407095238783,0.06793496473693358
564,0.003563775084722072,0.06786599809492413
565,0.0035547115446511236,0.06779055086629324
566,0.0035484023038542677,0.06778537126221361
567,0.0035404281537441316,0.06771735475098328
568,0.003534267150710421,0.06767543099751377
569,0.0035210745970571692,0.06757723131153191
570,0.003513653067277612,0.0675071170111052
571,0.0035049140825212993,0.06748376833213895
572,0.0034977271994217217,0.06744906247077803
573,0.0034890702101891555,0.0674201014210563
574,0.00348076377759066,0.06741477600142957
575,0.0034719843352367203,0.0674283510201483
576,0.0034648254755679474,0.067394508809229
577,0.0034579882848823403,0.0673738740409405
578,0.003451561746611613,0.06739365759214153
579,0.003444082716273253,0.06736537673254495
580,0.003436768476234767,0.06737019454986194
581,0.003429624016557804,0.06732624850324517
582,0.003420791562964279,0.06726517371056656
583,0.0034146645305049776,0.06723500286666273
584,0.00340850159359645,0.06723958160112035
585,0.0034022345747724675,0.0672103818273816
586,0.00339550647826542,0.06722235289022209
587,0.003388764857941291,0.06716280228240076
588,0.0033796439029863856,0.06720672946221326
589,0.0033719023712540687,0.06723445383081154
590,0.0033652206223479682,0.06717836945404532
591,0.003357632760477109,0.06717280347775327
592,0.0033505386464419596,0.06710733772430282
593,0.003342585407540744,0.06706938110684209
594,0.0033367493084272082,0.0670618428966826
595,0.0033232105642837222,0.06691541955271972
596,0.003317269494057995,0.06691352072007685
597,0.0033102820605047565,0.06684916451043206
598,0.0033047424252475167,0.06687894900867904
599,0.003298073426452021,0.0668527491600822
600,0.0032913023134873392,0.06685023610432055
601,0.0032834344336303057,0.06686109279716651
602,0.0032747379866483323,0.06688271983250176
603,0.0032672144518567426,0.06688104237283839
604,0.003256200546339555,0.06694492228402237
605,0.0032485689471041996,0.0669668339885634
606,0.0032418442859165233,0.06690471694533881
607,0.003235281563209128,0.06684195128982594
608,0.003228816571306724,0.06680560129616696
609,0.003221771104857872,0.0667805048842288
610,0.0032164907412521523,0.06679668445830055
611,0.003211155974759873,0.06674494370713555
612,0.003204760936511257,0.06670090163700708
613,0.003198517923295147,0.06671429021620016
614,0.003189596381026473,0.06662622517190148
615,0.003176935944090823,0.06651853006971731
616,0.003171381122469082,0.06651129807484582
617,0.003163841584270984,0.06654230082126915
618,0.0031580569403027448,0.06651059952793449
619,0.0031516927674134923,0.06646231534045391
620,0.0031449750733554983,0.06641652406321702
621,0.0031379887100262452,0.06635867687373868
622,0.00313279018639177,0.06637125097545103
623,0.0031266913527689994,0.06631162430446881
624,0.003121987610262953,0.06630803302655164
625,0.003111297419891877,0.06618467161456913
626,0.003107204810149221,0.06619071216340103
627,0.0031002785535591874,0.06612251450524438
628,0.003093971835829609,0.06613746801458315
629,0.0030876317355795456,0.06617776090146549
630,0.0030810586532605197,0.06617933468877205
631,0.0030752581721832086,0.06612094423404767
632,0.0030708647547841917,0.0661265544127592
633,0.003065174191474031,0.06610462794905049
634,0.0030600657879573025,0.06611224917890929
635,0.0030559201400059853,0.06614359973573745
636,0.0030493760184888115,0.06611105657699139
637,0.00304423553728519,0.06608512453249897
638,0.003039286280913884,0.0660839763570973
639,0.0030338345196560335,0.06603181712707604
640,0.003029538706471019,0.06602662894928397
641,0.0030220519949273324,0.06600873738949482
642,0.0030155377955634766,0.06602883660300975
643,0.0030082437765675263,0.06594879649454956
644,0.002999896055097694,0.06586410592371428
645,0.0029940960709914145,0.06580681796374298
646,0.002988944362753929,0.06578660948003749
647,0.002984051981173492,0.06577241995879742
648,0.002977933410314893,0.06575378369756052
649,0.0029722977455814703,0.06569720352923424
650,0.002966630863965646,0.06564067420967354
651,0.0029616155892196122,0.06562151072008723
652,0.0029554635690938465,0.06556552683030714
653,0.0029494477287082864,0.06546265757104874
654,0.002944036637171579,0.06542822513396639
655,0.002938565248475481,0.06536052826812903
656,0.0029329879832463135,0.06532663142174604
657,0.0029256919229973546,0.06535898144813207
658,0.002920250450619576,0.06530251388504345
659,0.0029149346764758455,0.06527845644009475
660,0.0029083779808230614,0.06525885202428787
661,0.002902280719518721,0.06535186906979744
662,0.00289639971319479,0.06529086684378167
663,0.0028911578175947663,0.06522799154157015
664,0.002886900698557191,0.06524372987607566
665,0.0028815942572789554,0.06518876792816432
666,0.002877118993931379,0.0652170861269681
667,0.0028734370618648734,0.06518632611784372
668,0.002866308366928778,0.0651976160032353
669,0.002859226337387534,0.0652128650550625
670,0.0028534550119440746,0.06514002858740674
671,0.0028470948188079517,0.06507949026898195
672,0.002842831659693758,0.06502644823134895
673,0.002838341971377735,0.0649928813497538
674,0.0028336487413317987,0.06494939439135063
675,0.0028298795082342234,0.06494342183597003
676,0.0028248108649617265,0.06488965439184198
677,0.002820284579681861,0.0648497998930328
678,0.0028153528549883762,0.06483764981280037
679,0.002811393318988137,0.06478340286279118
680,0.002806764221901056,0.0647562629062759
681,0.0028020834514966876,0.06480217475681221
682,0.0027951770918221786,0.06483674447758289
683,0.00279059452115738,0.06479741675127103
684,0.0027846786460963315,0.06463555327673358
685,0.002779842842646936,0.06458295706389565
686,0.0027757793191585845,0.06455089828161456
687,0.0027696000072538105,0.06449893686749578
688,0.0027624528979897397,0.0644946489862725
689,0.002757841729716122,0.0645040367333252
690,0.0027520083689955145,0.06443186501103777
691,0.002747066810978736,0.06439386312360983
692,0.002742006254159278,0.06439251865102345
693,0.0027356910443731555,0.06440331630732107
694,0.0027313100519615126,0.06437648519808806
695,0.00272487214063966,0.06430261274725614
696,0.002721282525496412,0.06425384386773379
697,0.0027167370538899,0.06424618420835276
698,0.0027121616846797554,0.06419589892732075
699,0.002708367288723465,0.06417442651819663
700,0.0027046591624979633,0.06419496747812098
701,0.0027001781817776105,0.06417651106412978
702,0.0026951782097402403,0.0641359564023103
703,0.0026905365674790623,0.06413887821342606
704,0.002686669538324143,0.06411727211339971
705,0.0026821494949264293,0.06406669456950827
706,0.0026759297291242714,0.06408111681422328
707,0.002671804946164423,0.06405647489362569
708,0.002666640613802474,0.06404101759437841
709,0.0026625002994305116,0.06398915789540671
710,0.002658438188189522,0.06399297949599865
711,0.0026521846683483005,0.06392407668233288
712,0.002646800729973825,0.06388276573999825
713,0.0026430662119821453,0.06390135096584534
714,0.0026379112551807972,0.06384037662759537
715,0.0026334196209641682,0.06378269801066616
716,0.00262981527686332,0.06375607853860164
717,0.0026258877059416323,0.06374529393950883
718,0.0026216131105163978,0.06368923749602588
719,0.0026165712245869222,0.0637236470720327
720,0.002612354458117013,0.06369827142940222
721,0.002607274025729584,0.06368802893311472
722,0.0026036663877724814,0.06364564616560746
723,0.0025979699236429055,0.0636009426238964
724,0.0025937381169324953,0.06355249998178152
725,0.002590149586671886,0.0635362433879885
726,0.00258638409889573,0.06350744758882909
727,0.002582806086681173,0.06346991014300549
728,0.00258273735126107,0.06347004829551807
729,0.0025785796737146376,0.06342203737154453
730,0.0025736354498866114,0.06343738608216408
731,0.0025687757650721013,0.06341317035432309
732,0.002564806210807602,0.06337144035531161
733,0.0025610591066901034,0.06338134714853493
734,0.002557444732192469,0.06334635140069547
735,0.0025525152731859318,0.06336773492390861
736,0.002545735198767596,0.06342849957104933
737,0.0025420595026415063,0.06341507317769496
738,0.0025374437314441113,0.06340441103133719
739,0.002533644064777009,0.06334992100617677
740,0.002529311458799933,0.0632809447254994
741,0.002524261133755844,0.06330193025081698
742,0.0025202487530269317,0.06325479771267795
743,0.002516053643685021,0.06324448016054307
744,0.0025125691036165473,0.06323406286167928
745,0.002508537517312611,0.06318720302147765
746,0.0025042163073708597,0.06318797928078458
747,0.0025010894745483556,0.06313770188984905
748,0.0024979960320026143,0.06315575878198587
749,0.002494036692577758,0.0631641259574337
750,0.0024904869594309514,0.06314643580165594
751,0.0024870696310654128,0.063117474698409
752,0.0024827499982452905,0.06313410875281142
753,0.002479123369113754,0.06311068128598227
754,0.0024749016694734236,0.06304345683868863
755,0.00247108118570453,0.06302209612284841
756,0.0024655421103580233,0.06295530834532417
757,0.002461633061889666,0.06290937530391036
758,0.0024589030296242316,0.06286053854659457
759,0.00245573269539885,0.06284951634774369
760,0.002451047295670897,0.06283519083967827
761,0.002447029947757796,0.06284400765570554
762,0.0024442842437556664,0.0628693448444354
763,0.0024394479039134254,0.06284815606144094
764,0.0024356655975032943,0.06282725452080913
765,0.002432026328023154,0.06278193730298828
766,0.0024284320603586472,0.06276578941042098
767,0.0024238376233007754,0.06270374552137711
768,0.0024203593163263774,0.06266508465544801
769,0.002420353907141106,0.06266485555699047
770,0.002417356437856325,0.06266513810271376
771,0.002410720039300238,0.0627063918249094
772,0.0024073350345098225,0.06267608122913444
773,0.00240448067292217,0.06267434546119524
774,0.0024010416564746806,0.06262422927505529
775,0.0023958246046230356,0.0625599148919962
776,0.002392204941482645,0.06251557729784836
777,0.0023881441290623537,0.0625061837140622
778,0.0023848719466582945,0.06246846458849687
779,0.0023815532159151324,0.06244320724803605
780,0.0023774696431608875,0.06238987040223863
781,0.002373929101238562,0.06240297697116003
782,0.0023701675170047713,0.06233749956979136
783,0.002365647246753729,0.06235504018510468
784,0.002362275550241268,0.062334046682472714
785,0.0023583899178325307,0.062353906270196845
786,0.002353686706916131,0.06227002911803357
787,0.0023502670353008686,0.0622717290264022
788,0.002346117859702013,0.06220949541435626
789,0.0023412360982089315,0.06221851323239785
790,0.0023360464985987335,0.062138989796252375
791,0.0023323267786951466,0.06211959425231509
792,0.002328408848079295,0.062067687763105714
793,0.0023238719252426598,0.061985165576220684
794,0.0023204940635213416,0.06194247008000545
795,0.002315235568384394,0.06185903409215789
796,0.0023118289174243905,0.061816947944828796
797,0.0023084735054301306,0.06177462756141764
798,0.0023052445975756206,0.0617611767181849
799,0.002300695225735614,0.06171331990882379
800,0.002297546278235894,0.06169244196158403
801,0.002294304757286489,0.06165002455478542
802,0.0022888465696680508,0.061706477474457955
803,0.002285629759863142,0.06165868133508351
804,0.002281273276327932,0.06169588770972565
805,0.0022772599402248682,0.06180029656588344
806,0.0022742863605951682,0.06177933112140879
807,0.002271190838762195,0.061763381729111354
808,0.0022681694946944607,0.06172149093966973
809,0.002264401890272855,0.0616717104717771
810,0.0022596554427699715,0.0616064374891391
811,0.002255821964283096,0.06155687012068017
812,0.002252921334222758,0.06155999713298003
813,0.0022499148956213084,0.061527215232547054
814,0.0022450969696089325,0.06150385288504662
815,0.0022402274298745214,0.06155855702098817
816,0.0022365732054729333,0.061545818328431416
817,0.002233412882965229,0.061489341540277576
818,0.0022294282929432147,0.06141135815145481
819,0.0022264579119241038,0.0613814093863696
820,0.002223395800932702,0.06134097030315218
821,0.0022192051971697277,0.061278329727323014
822,0.002215845318022127,0.06122826720098512
823,0.0022131302629151747,0.061239984928832515
824,0.00220989847470651,0.06118009179268476
825,0.0022068760073661216,0.061140157484752
826,0.002202686604580894,0.06102616861405798
827,0.0021997735533045835,0.06100710946270614
828,0.0021957815174695927,0.06095301276007696
829,0.0021922375509728313,0.060896812778882335
830,0.002189189739924375,0.060857318396580685
831,0.0021860195935930384,0.06083338536105896
832,0.0021826665778260125,0.06078993775306568
833,0.00217969972968459,0.06079875395339844
834,0.0021764432624950753,0.06075778226529294
835,0.0021730900230412745,0.0607168536797143
836,0.0021698158988282244,0.06067612652061758
837,0.00216652947041937,0.0606354495521009
838,0.002163666293430905,0.06061656306643517
839,0.0021594124408179784,0.0605604152964963
840,0.0021569505597186936,0.06056230449791094
841,0.0021553306445359277,0.0605794020923649
842,0.0021520080742219003,0.06057696765418386
843,0.0021490492965940107,0.06056629108402409
844,0.002146407670166667,0.06053329848620701
845,0.0021431552960857873,0.06048716210535635
846,0.002139899543220972,0.06043328016597126
847,0.0021374167403457275,0.060444439987388694
848,0.002134269589705115,0.06040458940615235
849,0.00213160170297694,0.06039854420984041
850,0.0021291344471331027,0.060367824423361284
851,0.002126796610401784,0.06037324069032328
852,0.0021224340678262124,0.06042453187465379
853,0.0021195689447236665,0.060401338919697296
854,0.0021169352573089297,0.06038477868123724
855,0.0021143645691912515,0.06035429840144087
856,0.0021116944135384165,0.06033502813227143
857,0.0021098710685580726,0.060321107294627356
858,0.0021073250420229886,0.060353149941767666
859,0.00210455229027996,0.06031551531368216
860,0.0021008114495344827,0.06023637007098641
861,0.002097719677577073,0.06023480378170916
862,0.0020945219596003096,0.06025034699663206
863,0.0020913140749582145,0.060205632236418116
864,0.002088456350312657,0.06015212886859064
865,0.002085515632002938,0.06016725698395385
866,0.002082548933650178,0.060120826407906156
867,0.002081880589338272,0.06012442598658671
868,0.0020794483013553567,0.06010558399490214
869,0.0020766630885475897,0.06006858216876706
870,0.0020736240781345553,0.06002451494279935
871,0.002070722557169677,0.05999466027815465
872,0.00206743064752756,0.05995990748501565
873,0.002064323697495616,0.059897151277526255
874,0.0020623247002958477,0.059858692328582576
875,0.0020589764621823203,0.059850220526840504
876,0.002056727755753879,0.05983755126787759
877,0.0020556022261649662,0.059843534387777994
878,0.0020530775803782294,0.05980170810556349
879,0.0020484332928350332,0.05977914587103969
880,0.002044904011213175,0.05972764077067566
881,0.002042429548293161,0.05969086724616348
882,0.0020394256822497316,0.05971455639485213
883,0.00203628804514607,0.05971805951025994
884,0.002031309391735668,0.059620411493055664
885,0.0020286283061001676,0.05959887334698381
886,0.002026520530452148,0.05955743442867822
887,0.0020237224291660538,0.05951925599000565
888,0.002021252038220597,0.05952707134205711
889,0.0020190761320709656,0.05951475971276467
890,0.002016885812195931,0.059502444634153884
891,0.0020138554912687264,0.05943465416736838
892,0.0020112056860245972,0.059413097224535104
893,0.002008663696845456,0.059361450633893906
894,0.002005024682895524,0.059297739822500944
895,0.0020030116527395385,0.05929763672285952
896,0.0020029572883497326,0.05929681278660625
897,0.00200060015727315,0.059279312595269903
898,0.001998535879256607,0.0592413437278233
899,0.001997376803126844,0.05922230791976542
900,0.0019974117789575193,0.059222305163889676
901,0.0019947193428281407,0.05914892687996903
902,0.0019925338380359803,0.059136822057829656
903,0.0019925554884395,0.059136705767248894
904,0.0019890896709932443,0.05906828419985199
905,0.0019868473640274743,0.0590443217248442
906,0.0019857278894584666,0.059047066120736444
907,0.0019831406079590763,0.059012304046302796
908,0.001980707242209373,0.05899841840068141
909,0.00197826011532896,0.058958589436157165
910,0.00197523713048831,0.058914716452378786
911,0.001972497335382086,0.05891883814814085
912,0.00197029349795192,0.05890950128666596
913,0.0019678866640795,0.0589006018124742
914,0.0019651576254359152,0.05890333223597045
915,0.0019630822768274916,0.05889427601224403
916,0.0019597419572685002,0.05884566491427905
917,0.0019569763057215666,0.05882130235747964
918,0.0019545839296928255,0.05884710671565063
919,0.0019520162383446238,0.05882103078912279
920,0.0019498644575982156,0.05878386921866131
921,0.0019471159168620979,0.05874338866327508
922,0.0019448966916532696,0.05876346828854421
923,0.001942821170200826,0.058764399857858016
924,0.00194057349916428,0.05874649979895712
925,0.0019374593648268821,0.05872613862962739
926,0.001935391814942064,0.05871157680868463
927,0.001932708003757747,0.0586715210164495
928,0.0019304880091475327,0.05868469198839663
929,0.0019281802290946946,0.05867826235412708
930,0.0019259381062515686,0.05864477150048425
931,0.0019232144687167645,0.05864537046447147
932,0.0019210319587016423,0.05867059260246566
933,0.0019182060501642963,0.05867096658468214
934,0.0019164889486814555,0.05864596034795292
935,0.001914452934824955,0.05862880555946439
936,0.0019119243729719551,0.05859380149834816
937,0.0019095560909299554,0.05858027217610902
938,0.0019070400954207091,0.05854213000868711
939,0.0019045556738672659,0.05853780097766331
940,0.0019024010062556997,0.05852436152567573
941,0.0019004367466834953,0.05851304154717214
942,0.0018980697479496385,0.05844354097344312
943,0.001894821512803474,0.05842826968032856
944,0.001892762542429009,0.058397463081032545
945,0.0018910621655085932,0.05837897040154326
946,0.0018885969581759322,0.058310129017121584
947,0.0018865506538738722,0.0583249414074821
948,0.0018840342015981524,0.05828617473121652
949,0.0018805421168063734,0.05822123266935171
950,0.001878292250280749,0.058205808341635294
951,0.0018763619280163504,0.05820681302166017
952,0.0018743469827358149,0.05821476535765928
953,0.0018720266389365087,0.05818853456803792
954,0.001871999709211998,0.058188249989332495
955,0.0018693323002776363,0.05815127395010794
956,0.0018673732545250153,0.05813858576383188
957,0.0018652648892575844,0.05810575759874707
958,0.0018627852594114448,0.058107358650780955
959,0.0018603378735140563,0.05803723495157295
960,0.0018580592703714644,0.058001254463696306
961,0.0018560517351467545,0.05798516119763197
962,0.001853965569662117,0.05796914075322762
963,0.0018539467293081445,0.057969551687728396
964,0.001852164965126923,0.057975959825047156
965,0.0018511285123652677,0.057979212774843455
966,0.001849234046055571,0.057948929424745145
967,0.001846954329744833,0.05790588087371552
968,0.0018451502634548812,0.057872436216746814
969,0.0018427320962022048,0.05783487671533631
970,0.0018400238840533352,0.057863347991435596
971,0.0018379127974710188,0.057822693651724884
972,0.001836144061914809,0.057823847928164016
973,0.0018335607352986485,0.05782650009910189
974,0.0018315201347069315,0.05783394663473839
975,0.0018297625621419267,0.05780692638084326
976,0.0018297625621419267,0.05780693210802641
977,0.0018297709747855744,0.057806932170030224
978,0.0018277822330925377,0.05777931575043449
979,0.001825773651339626,0.05776355571791182
980,0.00182370362424919,0.05774781547287989
981,0.0018212672072937506,0.05768742741569175
982,0.001818547922631721,0.05763135642494572
983,0.0018185253232583167,0.05763150846174559
984,0.0018168620400592994,0.05760022609212164
985,0.0018144869858975133,0.057563469357491084
986,0.0018144505069856384,0.05756367666194921
987,0.0018126651008407333,0.05756461308595475
988,0.0018101081114477527,0.0575241037790956
989,0.0018083120339457857,0.057515945786078194
990,0.001806089197833963,0.05748361701818893
991,0.0018041270308912115,0.05746809011498898
992,0.0018021656013640956,0.057437426388489594
993,0.0018008267461059816,0.05743559195398963
994,0.0018000181672996715,0.05744120548055297
995,0.0017979022139022445,0.05745439789284992
996,0.0017966172713908756,0.057451073641595435
997,0.001794463904129915,0.057480728513965004
998,0.0017924006991481185,0.057455811190316466
999,0.001789994315033059,0.05741293153512696
1000,0.0017877834365395192,0.05742684153648045
1001,0.001785905389949192,0.05741039349429466
1002,0.0017854066410222635,0.05741580544440894
1003,0.0017835391035831755,0.05742379883293652
1004,0.0017808768815349009,0.05736422754518661
1005,0.0017799915307731434,0.05736184539121162
1006,0.0017782368414086338,0.057384218202582396
1007,0.001775486630582294,0.05737837119620576
1008,0.0017740413041550252,0.057378055172461986
1009,0.0017718532207563705,0.05737938171746674
1010,0.0017696241427623965,0.05736066492855353
1011,0.0017679268727648302,0.05733009464126414
1012,0.0017663917970979668,0.05730826236946047
1013,0.00176521247790211,0.05730514735636172
1014,0.001763362619474537,0.05728466826029253
1015,0.0017609939123316004,0.05728849888348418
1016,0.0017590929741198697,0.05725800777987661
1017,0.0017564805314339888,0.057198851880832874
1018,0.0017554761825099789,0.05718366469430874
1019,0.0017533353704920443,0.05714837735555994
1020,0.0017516862432823076,0.057118306609239625
1021,0.0017494817765618613,0.057103456221551746
1022,0.0017476210996925873,0.05711050016459311
1023,0.0017472000513040781,0.05711024947268593
1024,0.0017451944333386738,0.05712108324585507
1025,0.0017423094031449365,0.0571624865612865
1026,0.0017399192081956753,0.05712919687827966
1027,0.0017381752986337963,0.057102945417658535
1028,0.00173816309480707,0.05710290339987912
1029,0.0017358996906596143,0.0570823544387092
1030,0.0017336771118569628,0.05707106702589468
1031,0.0017318868469734378,0.05704424678030959
1032,0.0017295610480560423,0.05701392354421211
1033,0.00172949957635429,0.057013958402423875
1034,0.0017280374199788433,0.05698872575634854
1035,0.0017261381175589332,0.05697478225518545
1036,0.0017252479532086301,0.056959904621590014
1037,0.0017235666945161672,0.056950010017963605
1038,0.0017220358394384088,0.05692556838690531
1039,0.00172021479181055,0.05694747312045173
1040,0.0017181329097124022,0.05692717268228844
1041,0.001715562477623042,0.05690232670665424
1042,0.0017155620768583154,0.0569023385568339
1043,0.001713605790703858,0.056887411213999206
1044,0.001712063517175845,0.056862799613971914
1045,0.0017098025361535396,0.056805484903860747
1046,0.0017080793105203017,0.05679402985045584
1047,0.001706448625603834,0.05676922055677649
1048,0.0017044282181605168,0.05677108922199694
1049,0.0017023165780005744,0.056737694232743455
1050,0.0017022923022038405,0.05673733037265333
1051,0.0017022480980751007,0.0567377190742793
1052,0.0017005582395921094,0.056708402826477
1053,0.001698986333312437,0.056684099822324335
1054,0.0016968447487265633,0.05671243128756684
1055,0.0016949057931915576,0.05669967566710948
1056,0.0016932289443698353,0.056685397992209625
1057,0.0016917199672605104,0.05666120295494897
1058,0.0016900221396648624,0.056632861725277095
1059,0.0016875590870118744,0.056576447359163964
1060,0.001687562946649439,0.056576352047561625
1061,0.001685979843791745,0.05657237682182626
1062,0.001684493055933754,0.05655191033119459
1063,0.001683057197644307,0.056527917276656625
1064,0.0016812643214569524,0.05650128869803791
1065,0.0016794367709375285,0.05648203859871829
1066,0.0016794227360600314,0.05648168223422324
1067,0.00167775201313209,0.05645332487174165
1068,0.001675998008525919,0.05646305797413286
1069,0.0016742668988500224,0.05644892499095344
1070,0.0016727659792678026,0.05644149542381117
1071,0.0016727562481992876,0.05644148663688862
1072,0.0016707047701043061,0.056408391048887334
1073,0.0016685807751548592,0.056423956656980044
1074,0.0016658995537489223,0.05643727799096201
1075,0.001664472718643136,0.05639846272064276
1076,0.0016644788462447213,0.05639843818814159
1077,0.0016644360108143356,0.05639826605737993
1078,0.0016629757170840383,0.05637331443661256
1079,0.001661605561901542,0.056368599320896606
1080,0.001659941582345349,0.056363354964907506
1081,0.0016579840528738313,0.05634260679964865
1082,0.0016580096557056122,0.05634263077862807
1083,0.001656015075954966,0.05634458043612265
1084,0.0016560158363548006,0.05634460676972235
1085,0.0016542403144471024,0.056354334853513335
1086,0.0016517202495605842,0.056300503159703676
1087,0.001649873841964938,0.05629099409797011
1088,0.0016483736831027658,0.05626753274839724
1089,0.0016467566092081326,0.056253785189099625
1090,0.0016452013123208374,0.05622161221216534
1091,0.001643467463149056,0.05621399472749706
1092,0.0016414885829580824,0.05616881227346297
1093,0.001639829537319475,0.05614126049409131
1094,0.0016382111483800037,0.05612251938382856
1095,0.0016358164548964985,0.05604192922457716
1096,0.0016345924168468218,0.05600385715034628
1097,0.0016345641803318604,0.056003832482398035
1098,0.0016345731500043217,0.05600432282188783
1099,0.0016327723559384374,0.05597300226781253
1100,0.0016308874048379166,0.05591998384644641
1101,0.0016297235073277517,0.05590029350432703
1102,0.0016297413504663696,0.05590027969030846
1103,0.0016278851248465096,0.05590998063095677
1104,0.001626321099158308,0.05589297029043522
1105,0.0016262507510017422,0.05589387755113488
1106,0.0016244630598147743,0.055894985411869366
1107,0.001622157291733218,0.055825156005706415
1108,0.001621646729995574,0.0558238223650492
1109,0.0016202212735859126,0.05579988921038748
1110,0.0016187334627176073,0.05578639326250275
1111,0.0016187431459676036,0.05578638524345014
1112,0.0016181171709978453,0.0557767383729122
1113,0.0016180891880562328,0.05577658802203383
1114,0.0016173090310260645,0.055764112053530185
1115,0.0016157839122136672,0.05576794216527575
1116,0.0016145882034696488,0.05574844032537148
1117,0.0016129455521112436,0.05572548434827632
1118,0.0016115901064422849,0.05570281527084175
1119,0.001610067983972413,0.05568833859021252
1120,0.0016094068442283466,0.055676027138883276
1121,0.0016078588178550395,0.055649148909932174
1122,0.0016068139216914707,0.05566807962302835
1123,0.0016053941199639392,0.055631940180505525
1124,0.0016042042030956572,0.055612694830118006
1125,0.0016041377567024935,0.05561168850681137
1126,0.0016026406429797949,0.05560937425815933
1127,0.0016012411321546657,0.05558331419211049
1128,0.0015991989436785947,0.05555083438470993
1129,0.0015972331889949438,0.05554650848002862
1130,0.001596276103090529,0.05553031696119315
1131,0.001594679715081396,0.055522244151040956
1132,0.0015946851424832457,0.055522458126935514
1133,0.00159296224428589,0.05548567892940275
1134,0.0015912360069932573,0.05547020851521656
1135,0.001589575782418251,0.05546479057173782
1136,0.0015882850334792305,0.05544172917148302
1137,0.0015882860607234761,0.05544127302656373
1138,0.0015869652503739341,0.05541888307459324
1139,0.0015869621102912192,0.05541869781059839
1140,0.0015854707040680541,0.055426698850873424
1141,0.0015843951777062062,0.05543511711207704
1142,0.0015843978659323848,0.05543506773032523
1143,0.0015830398016124804,0.0554307701453818
1144,0.0015819007986222911,0.055433170388568785
1145,0.001580232353015714,0.055458249053677584
1146,0.0015798627653940238,0.05545217412513823
1147,0.0015784254957466957,0.05541683797324779
1148,0.0015784607835362772,0.055416847806483496
1149,0.0015774600413169092,0.05539807226711514
1150,0.001576885095359712,0.05539100062013012
1151,0.0015755527368201624,0.055369844040697024
1152,0.0015755763638291842,0.055369394660642925
1153,0.0015742042203534003,0.055339478741078814
1154,0.0015729009389598664,0.05531071060522191
1155,0.0015712441127018065,0.05530557937415506
1156,0.00157121217220852,0.05530557081904758
1157,0.0015712051303624027,0.05530552772093467
1158,0.001569072121835694,0.05529423118337997
1159,0.0015674226147462534,0.055281360526908754
1160,0.0015657885634985896,0.05527351343728783
1161,0.001565087589736707,0.055275919203483986
1162,0.001563965715080116,0.05526625797103146
1163,0.0015633039766261387,0.05527134653414643
1164,0.0015632421859919463,0.055271265062401646
1165,0.0015632400714456728,0.05527151597489932
1166,0.001562149729063788,0.0552518072240533
1167,0.001560552491955738,0.05523896967396717
1168,0.0015592333782741214,0.05521411326493764
1169,0.0015578429879597048,0.055187005482895735
1170,0.0015561757765263193,0.05519830441111659
1171,0.0015547049614588883,0.05518439941091264
1172,0.0015540084758776862,0.05517249793819779
1173,0.0015529190241690774,0.05515343967496282
1174,0.0015510990797827522,0.05513952788469611
1175,0.001551087282626909,0.05513914635839469
1176,0.0015499669652387232,0.05512181374277394
1177,0.001548754149366342,0.05509210643843123
1178,0.0015487225656618231,0.055091990558070035
1179,0.0015473573348794615,0.05507857442032699
1180,0.0015473623575317083,0.05507852569035101
1181,0.001544802420272937,0.055015150644839875
1182,0.0015429568574711178,0.055012220925301406
1183,0.0015414936330775994,0.055008396871972266
1184,0.0015414904944180546,0.0550083375820748
1185,0.0015399112264525537,0.05498112482840164
1186,0.0015382541338659819,0.05494799675062886
1187,0.0015382447605824536,0.05494794862149956
1188,0.001538226060126111,0.05494778619780832
1189,0.001536821861698578,0.05496749697873709
1190,0.00153490370150865,0.0549178256753277
1191,0.0015343986022895804,0.05490928479247244
1192,0.001532582008704107,0.05485975984057998
1193,0.0015311278753794677,0.05485582315083768
1194,0.0015307274269881375,0.05485960722221951
1195,0.00153061210128099,0.05485720339849114
1196,0.0015294225692912972,0.05484641256919372
1197,0.001529404008732585,0.05484644261140298
1198,0.0015283353070232933,0.05482799465058982
1199,0.0015278014262684468,0.05482926062648099
1200,0.0015265251096983584,0.05481110704090968
1201,0.0015251103488574417,0.05478851397275975
1202,0.0015250299847848466,0.05478850026636153
1203,0.0015245989587991658,0.05478081451338039
1204,0.0015234543618072658,0.05475174873113489
1205,0.0015220105674938688,0.054726235139131926
1206,0.0015220091122667668,0.05472577061553167
1207,0.0015219939560734742,0.05472575950550268
1208,0.0015204942588165544,0.054691434697760374
1209,0.0015192300257441521,0.05468391797253634
1210,0.001517341732559697,0.05463257261062803
1211,0.0015161498749853809,0.05460342064741083
1212,0.00151513800261446,0.05460640493503005
1213,0.0015141002453750052,0.05459751456019345
1214,0.0015127225540971729,0.054601431315240354
1215,0.0015127042582481166,0.054601511651275685
1216,0.0015112917727539157,0.05458917117787575
1217,0.0015112935485145245,0.054589185475159875
1218,0.0015112772253216733,0.054589184281207154
1219,0.0015106473528224437,0.05458327662711992
1220,0.001510643659482316,0.05458321258660737
1221,0.0015095717212527393,0.05457851044306511
1222,0.0015095275911644287,0.05457804553304653
1223,0.0015082613963764422,0.05455162096778503
1224,0.001506449273680132,0.05450330218394833
1225,0.0015064016842208734,0.05450322262423139
1226,0.0015059458676600103,0.05450020547689123
1227,0.0015058998107415748,0.054500437300040366
1228,0.0015038015005451428,0.054513785863042126
1229,0.0015027412809835734,0.05449207422389652
1230,0.0015016394352593315,0.05447546901094238
1231,0.001501628847015409,0.05447548420482942
1232,0.0015002406253988917,0.054470771057791294
1233,0.0014986766250253299,0.05448387207105148
1234,0.0014986389727807891,0.054483622388718476
1235,0.0014974826028091495,0.05445525454956692
1236,0.0014974826028091495,0.05445525454956692
1237,0.0014963461013963676,0.054434443734296775
1238,0.0014963181214434126,0.05443444145595241
1239,0.0014963001004441,0.05443510583495113
1240,0.001495955442957219,0.05443113271160927
1241,0.0014959201897506735,0.05443103802519227
1242,0.0014951196679022006,0.05442654511563687
1243,0.0014950737514506632,0.05442650286888834
1244,0.001495101995544006,0.05442566745622764
1245,0.0014941210459573661,0.054401140669918795
1246,0.0014922367549943397,0.05435299543193505
1247,0.0014910228267721354,0.05435236901282709
1248,0.0014909659507715718,0.05435202417171955
1249,0.0014902086607063835,0.05433822564294286
1250,0.001490169447315299,0.05433728298514739
1251,0.0014901308489472134,0.054337813610614585
1252,0.0014901308489472134,0.054337813610614585
1253,0.001489057068050239,0.05433164729831945
1254,0.001487631966525855,0.05431962574942751
1255,0.0014875491531773568,0.054320217098256754
1256,0.0014875709656799613,0.054320193058349
1257,0.0014864540784699446,0.054319721594421534
1258,0.0014854663201880442,0.05432067274395129
1259,0.0014854732212826295,0.05432063075556576
1260,0.0014843741854300386,0.054298992575545345
1261,0.0014842929972529533,0.0542985187771056
1262,0.0014842825231828594,0.054297766416672166
1263,0.0014836029902448955,0.05429053274580734
1264,0.00148361267406416,0.05429047037365259
1265,0.0014827443333171892,0.05426762731563513
1266,0.0014827396710116352,0.054267664284204715
1267,0.0014815161073757426,0.05425331213456368
1268,0.0014814522032626542,0.0542529149233098
1269,0.0014814386169684022,0.05425289502976905
1270,0.001480273102185419,0.05424010507751829
1271,0.0014798022376099878,0.0542378055382391
1272,0.00147819362707723,0.054232602093301274
1273,0.0014782301740877985,0.05423259570326859
1274,0.0014767982122248658,0.05421373101137827
1275,0.001476230871618024,0.05420846957851362
1276,0.0014753990823823974,0.05420746166561199
1277,0.0014752606540332858,0.05420781589724006
1278,0.0014752273628091687,0.05420710258546819
1279,0.0014741863655270827,0.0541867509172861
1280,0.0014730599410665418,0.05418012441009177
1281,0.0014721033256266136,0.054163968417536325
1282,0.0014721359685967075,0.054163988748628086
1283,0.0014720993777347074,0.05416392780706529
1284,0.0014721393744742456,0.054163809178469705
1285,0.001470964854830918,0.05416431930936021
1286,0.0014709053493099466,0.054164277686153166
1287,0.0014698404331088424,0.054151260387571266
1288,0.0014698547830762202,0.05415118975764728
1289,0.001469803197568534,0.05415091292188255
1290,0.0014684630225157516,0.05413923602102324
1291,0.001467917103039711,0.05412973733517616
1292,0.0014679271016642223,0.054129729127138565
1293,0.001467881884843152,0.054129698956870996
1294,0.0014666424212474343,0.054123319165831615
1295,0.0014666078449006325,0.05412336811808941
1296,0.0014665650655431525,0.054123291438540604
1297,0.0014657040964619911,0.05410758790944934
1298,0.0014644886332439956,0.05409811755435383
1299,0.001464495072519853,0.05409835393947001
1300,0.0014632540797633415,0.0540987792538904
1301,0.0014632028829945937,0.05409647677582323
1302,0.0014614574211987742,0.05409630229775168
1303,0.0014601655099744462,0.054084540726493595
1304,0.0014593098021400148,0.054069409117388084
1305,0.0014584302602075087,0.05405183492845739
1306,0.001458422099180351,0.054051822704656784
1307,0.0014574714953892165,0.05405955848996425
1308,0.001457444680585699,0.054059470780468855
1309,0.0014574516292141686,0.05405941324957301
1310,0.0014573505092361,0.05405833328719125
1311,0.0014563113325622734,0.0540647767537597
1312,0.0014550456396730453,0.05405393235475414
1313,0.0014550388167105038,0.054053855200267356
1314,0.0014532986743512853,0.05404134106534915
1315,0.0014533347693630005,0.05404126155831034
1316,0.001453294942799038,0.05404094771971047
1317,0.0014519839585857798,0.054029447181467884
1318,0.001451715669532228,0.054030626281741406
1319,0.0014505571131086408,0.05401586232909232
1320,0.001449262634040543,0.05402368608128057
1321,0.0014480866615005545,0.05398801627206883
1322,0.001448064915317681,0.05398807725474335
1323,0.0014468669476289835,0.053990146436681916
1324,0.0014453298673023753,0.054001174757645654
1325,0.0014441213019946214,0.05398883003655963
1326,0.0014441158768698438,0.053988820468339374
1327,0.0014431531331167457,0.054007164202649435
1328,0.001443103610921206,0.05400718574976734
1329,0.001441895360756702,0.05399091744897586
1330,0.0014412936049770827,0.053988222128438554
1331,0.0014396343898211155,0.05395571767935703
1332,0.001439085479001435,0.053958609506929676
1333,0.0014379569120826952,0.05395142756930296
1334,0.0014366240329119094,0.05394925509995807
1335,0.0014365905349011633,0.05394910949742067
1336,0.0014350660928239827,0.053937369412186256
1337,0.001433964731493506,0.05391317769280154
1338,0.001432682252863324,0.05390174340762018
1339,0.0014311836213474036,0.05390260646587936
1340,0.001429951254318697,0.05389204997141074
1341,0.001428790999572749,0.0538599299698344
1342,0.0014275372879620082,0.0538457374651255
1343,0.0014275100699743747,0.05384568235620144
1344,0.001427145539054278,0.053839354897255796
1345,0.0014262529469535215,0.053815385195094906
1346,0.001426254112814544,0.05381531316426682
1347,0.0014251662127172386,0.05380533616522178
1348,0.0014246162084047397,0.05380679798080413
1349,0.0014246162084047397,0.05380679798080413
1350,0.0014245905119283603,0.053806803205613055
1351,0.0014245881804909493,0.05380672623811793
1352,0.0014241962590060438,0.053797735504330146
1353,0.0014241954972186186,0.05379772951504299
1354,0.0014228959817646817,0.05378647257862277
1355,0.001421939779933591,0.053782377109394104
1356,0.001421901869241343,0.053782366423379815
1357,0.001421321033778934,0.05377180366399442
1358,0.0014200591521039048,0.053732288752129265
1359,0.0014186701266630723,0.053708973372477764
1360,0.0014186627273166023,0.05370892126788152
1361,0.0014183929200962467,0.05371182999383916
1362,0.0014171003236688393,0.0537031642952882
1363,0.0014170733222877094,0.05370263026007079
1364,0.0014164390099422168,0.05371243720908998
1365,0.0014164191903048343,0.05371241932646729
1366,0.0014147094872256133,0.05366744846418001
1367,0.0014135902598968475,0.05364029161705787
1368,0.0014120271875547794,0.05364340081395211
1369,0.0014111280727448126,0.05363792760282664
1370,0.0014099580616690787,0.05361876648951598
1371,0.0014085791822931897,0.053587138913594325
1372,0.0014074991039036884,0.05357722564230182
1373,0.0014063740787218714,0.05356114387167519
1374,0.0014063520837332688,0.05356088846969776
1375,0.0014063434865044472,0.05356053684499592
1376,0.0014063608212866719,0.053560485940591034
1377,0.0014063227526225322,0.05356020282843526
1378,0.001406364632678767,0.05355999922400852
1379,0.0014063288008467998,0.05355992545370005
1380,0.001405252715374752,0.05355039952806689
1381,0.0014043352568972101,0.05353794996564832
1382,0.0014043480813684577,0.053537932283231664
1383,0.0014033872133003057,0.053514524541110185
1384,0.001401892950685614,0.053481434025727526
1385,0.001401892950685614,0.053481434025727526
1386,0.0014009706407809893,0.053470811427200476
1387,0.0013993783368789398,0.05346067462191691
1388,0.0013994183346502766,0.05346059950641569
1389,0.0013982640435033385,0.0534625982298889
1390,0.0013978693164162928,0.053463833851671076
1391,0.0013978706556728136,0.05346362298455887
1392,0.0013970383557503528,0.05347690045849878
1393,0.001396006657551259,0.05345991171766437
1394,0.001395966613811525,0.05345988488021765
1395,0.001394959281513628,0.05346145000593011
1396,0.001394331629835906,0.05344554372517725
1397,0.0013932625271306227,0.053436726144574974
1398,0.001393218939270156,0.053436737640177326
1399,0.001392306132121968,0.053413581788913395
1400,0.0013922514956931796,0.053413413501451755
1401,0.0013916501744429997,0.053410907664955744
1402,0.001391616061053462,0.05341045630581008
1403,0.0013903924893766577,0.05339961130617956
1404,0.0013904370546704136,0.053399483935472926
1405,0.0013894992127132483,0.053403576810878574
1406,0.0013884969365654666,0.05340223266646348
1407,0.0013869981314227826,0.05339056377890987
1408,0.0013857909336392677,0.05337977376431695
1409,0.0013849335428349238,0.053363363657251174
1410,0.0013849261423499177,0.05336323863166553
1411,0.0013841472823614845,0.053360019585787885
1412,0.0013829060903611458,0.05338415582919356
1413,0.0013819467924944579,0.05336000795279443
1414,0.0013819212093735842,0.05335998080706784
1415,0.0013808953820539623,0.05334127390219997
1416,0.0013808220796807085,0.05334092704256972
1417,0.0013800157953449638,0.05331432146291913
1418,0.0013789334304724402,0.0533113706198341
1419,0.0013788444295357333,0.05331109986842329
1420,0.0013776941509282075,0.05331585990972977
1421,0.0013767493667468384,0.05330449807483061
1422,0.001375658245837489,0.053286534447087815
1423,0.0013748376807004377,0.05328757424224913
1424,0.001374313959833075,0.053273511140479325
1425,0.0013730437797771751,0.05327054728038484
1426,0.001371674452132567,0.05330024800422957
1427,0.0013715009156513211,0.0532961625660492
1428,0.0013714461179061914,0.05329666167775443
1429,0.0013704909759277334,0.053299022458703986
1430,0.0013704816957195358,0.053298953587980945
1431,0.001370508868165723,0.05329883739143402
1432,0.001370513127714112,0.05329880301194987
1433,0.0013700425907524592,0.05329989268077799
1434,0.0013699999246793266,0.05329961767226912
1435,0.0013699856884232472,0.053299273370357725
1436,0.0013699686046882446,0.0532994308653869
1437,0.00136972789201216,0.053301770461960156
1438,0.0013693192396850911,0.0532999348915437
1439,0.0013693018086965612,0.053299805649984336
1440,0.0013693033309194003,0.05329978737050296
1441,0.001368970638077705,0.053292939540071714
1442,0.0013680541394395108,0.053280498528065906
1443,0.0013670658627144986,0.05327304332946362
1444,0.001367068954978695,0.05327303677806538
1445,0.0013659658674850905,0.05325503758365239
1446,0.0013650389135448594,0.053259944185387494
1447,0.0013640280563568168,0.053256374208830344
1448,0.0013640073690125672,0.05325610019993937
1449,0.0013640038702909636,0.05325610803628639
1450,0.001364008130693255,0.05325614606802952
1451,0.0013640127941373448,0.05325614101825983
1452,0.0013640097018731484,0.053256104422916055
1453,0.001363048987133795,0.053232787468999294
1454,0.0013630657145069813,0.05323278918447425
1455,0.0013630562949704216,0.05323251606453459
1456,0.0013630200112107595,0.0532323025136029
1457,0.001363037455434772,0.05323245579114073
1458,0.0013630234188494708,0.05323247302583677
1459,0.0013629480032463762,0.0532322858027619
1460,0.0013616588339195326,0.05322145742051153
1461,0.0013616533622570896,0.05322145776499308
1462,0.0013608165319391621,0.05320536139423722
1463,0.0013599336635953835,0.053198795219927535
1464,0.0013594240753595206,0.05321171584496164
1465,0.001358559431119231,0.05319681139184921
1466,0.0013574390460948818,0.05318631793130042
1467,0.0013572701066134675,0.05318393773252246
1468,0.0013571080260474319,0.05318651600667868
1469,0.001355847651776482,0.05318339699032281
1470,0.0013554406607337694,0.05317818295106279
1471,0.0013537811965763872,0.05317900007692754
1472,0.0013531563757442867,0.05318050180722856
1473,0.001352244356694383,0.05317697670048068
1474,0.001352232407935335,0.053177460378145636
1475,0.0013514392767342042,0.05316285215248359
1476,0.0013501613958154391,0.05315256720260999
1477,0.0013495257808778477,0.05314852554894631
1478,0.001349480717616841,0.05314844146931594
1479,0.0013484361002701027,0.053170799836280334
1480,0.0013475035607960237,0.053163864451124206
1481,0.0013464850233455045,0.053130953058632316
1482,0.00134612108056828,0.05312173106315534
1483,0.001344524091376478,0.053118058897659186
1484,0.001344564848693747,0.053117996841019095
1485,0.001344520547113428,0.0531179195462607
1486,0.0013434712574277858,0.05311234158331415
1487,0.0013434394213951916,0.05311230185410186
1488,0.001343433141372079,0.05311224175144681
1489,0.0013424201400358228,0.05308445665162611
1490,0.0013413976388428391,0.05308481025913846
1491,0.0013414278555923872,0.05308465732545405
1492,0.0013405458820490782,0.05306749439877224
1493,0.001339635305987013,0.05304743184671435
1494,0.0013387894961767498,0.05304413464353796
1495,0.0013387716040810774,0.053044096394920234
1496,0.0013387630394428528,0.05304418110731669
1497,0.00133795511538378,0.05302217408060816
1498,0.001337914876313937,0.05302189638883293
1499,0.001337907881147802,0.05302182036082246
1500,0.0013369686886910714,0.05301641242819489
1501,0.0013369663569690264,0.053016405753602155
1502,0.0013369433048851834,0.05301619673710794
1503,0.001336957248537471,0.05301616342870341
1504,0.0013358940774810268,0.05299402146615703
1505,0.0013351262606528683,0.0529797622552501
1506,0.001335089007216195,0.05297909941200163
1507,0.0013340863291117816,0.05297093333818874
1508,0.0013340696028771317,0.05297090219655089
1509,0.0013340726513076861,0.052970860463022254
1510,0.001334008530588094,0.05297080676606935
1511,0.0013334583219795143,0.05295357322808503
1512,0.0013329819697131856,0.052951686498123554
1513,0.0013322483000392778,0.05295541669057463
1514,0.001331266850297263,0.05296928480901684
1515,0.001330876224502081,0.05295818021088222
1516,0.001330058274155626,0.05295304337693505
1517,0.001330076787180454,0.052952880973537494
1518,0.001329218441304383,0.052945765701706116
1519,0.001328284212349388,0.052936668575715225
1520,0.0013271115376861096,0.05290889186822925
1521,0.0013270878162853247,0.05290887925707683
1522,0.0013259055823123841,0.05290410715097046
1523,0.0013258907847579803,0.05290401482905165
1524,0.0013250350861029965,0.05289238739357382
1525,0.001325063782906778,0.052892057187864536
1526,0.0013250058485657,0.05289199741044192
1527,0.0013244299647749247,0.05288926133091937
1528,0.0013235047147963663,0.052865182041489156
1529,0.0013235396456548632,0.05286517975087537
1530,0.0013232086559565178,0.05285930137972046
1531,0.0013232273097328778,0.052859170456615256
1532,0.0013219203005940766,0.052829749905321556
1533,0.0013209053222965257,0.05281948899220048
1534,0.0013209041564355031,0.05281948354238674
1535,0.0013202646066102228,0.05282270725567312
1536,0.0013202774788999888,0.05282265860342836
1537,0.0013202424558200635,0.05282259285330001
1538,0.0013202475231598543,0.052822550845854355
1539,0.0013199188965288774,0.05282185664658316
1540,0.0013192849878656103,0.052805030828206076
1541,0.0013183723233190757,0.05279468487433922
1542,0.0013173644432251815,0.05276299084721686
1543,0.0013164881142594938,0.05273925025375732
1544,0.0013153852576040948,0.05274010849556435
1545,0.0013138783872669762,0.05269847534351471
1546,0.001313876218213284,0.052698147329255145
1547,0.0013132063664972992,0.05269175101239249
1548,0.0013121748960410156,0.05269884243448941
1549,0.0013113194938679624,0.05268087541364958
1550,0.0013112981053277587,0.052680849505366854
1551,0.0013109014577436953,0.052694764234798235
1552,0.0013102696355546694,0.05270177536348108
1553,0.0013094340157141502,0.052687200366079164
1554,0.0013091408005818238,0.05268591312490127
1555,0.0013085979345885917,0.052678602401050496
1556,0.0013078264053854045,0.052657251357884634
1557,0.0013078203895026796,0.05265727178693134
1558,0.0013078110637352461,0.0526572401119876
1559,0.001307795054333633,0.05265721188104834
1560,0.0013067130973416865,0.052664591750345484
1561,0.0013055987092185297,0.05266003818286635
1562,0.0013055868991829961,0.052659662103321764
1563,0.001304546394495693,0.05263420705400611
1564,0.0013044647351247464,0.05263412849630135
1565,0.00130446885360139,0.05263405669055388
1566,0.0013033777862210293,0.05260674096602361
1567,0.0013023561426659836,0.05257899918996718
1568,0.0013023241549234468,0.05257897356044998
1569,0.0013023493996856068,0.052579012148305945
1570,0.0013023038949572065,0.05257826242072333
1571,0.0013022914735277577,0.05257823081746225
1572,0.0013022337100382616,0.05257802145455365
1573,0.001302212375293891,0.05257764509857544
1574,0.0013022275314871837,0.05257761197088081
1575,0.0013013228314635822,0.052554834021428354
1576,0.0013001727256467077,0.052546101726153614
1577,0.0013001572085374542,0.052546092705604855
1578,0.001299279981231161,0.05252867837335371
1579,0.0012992682741797806,0.05252849083722905
1580,0.001298457399444156,0.05253533239100844
1581,0.0012974306190630346,0.05253199944639913
1582,0.0012974464891184962,0.052531968056155696
1583,0.0012966251523919348,0.05252305437129736
1584,0.0012959586909164055,0.05251134225408745
1585,0.0012959847440392354,0.05251131774485573
1586,0.0012948580226164442,0.05251935758548427
1587,0.0012941170366202574,0.052512993717094746
1588,0.0012941115659540338,0.052513048349009196
1589,0.001293198428434675,0.05250245093882541
1590,0.0012918330501407228,0.052510326484828264
1591,0.001291812999380501,0.05250890268891207
1592,0.0012917524429017105,0.05250873633554031
1593,0.0012910146812754933,0.05248907232542788
1594,0.001289978899360688,0.052478926647857006
1595,0.0012889470241014324,0.05245658743946074
1596,0.0012889433410792888,0.052456508171726465
1597,0.0012889392966786537,0.05245643808566249
1598,0.0012889493852475211,0.05245644366648226
1599,0.0012888355902310753,0.052455863315060317
1600,0.0012888744234222428,0.05245580409204735
1601,0.0012888707411828427,0.05245526218117725
1602,0.0012884201304718093,0.052446416647638404
1603,0.0012883441627854174,0.05244614967002372
1604,0.0012879632828419307,0.05244802149614149
1605,0.0012879698739700477,0.052447949486360536
1606,0.0012879480005201797,0.05244810296739858
1607,0.001287966251254741,0.05244803925006129
1608,0.0012879480011961856,0.052447528982481506
1609,0.0012870751265136122,0.05245319990958981
1610,0.0012865407982073191,0.052443716811187834
1611,0.0012862900189147672,0.05244366717900697
1612,0.0012855225510657298,0.05243328945921406
1613,0.0012851156068631063,0.05243452325725793
1614,0.0012850412089334378,0.05243389545174779
1615,0.001284160188682893,0.052410966638292346
1616,0.001283403241281508,0.052389521670526004
1617,0.0012833764264779906,0.05238951991511637
1618,0.0012833599051798484,0.05238946062021224
1619,0.0012828406292465823,0.052387269109762935
1620,0.0012815192593776787,0.05237716194319901
1621,0.0012813663224132917,0.05238658292572699
1622,0.00128064852354201,0.05238826483108596
1623,0.0012803164133284022,0.052391194287427785
1624,0.0012803166332081971,0.0523912097714454
1625,0.0012799272484352133,0.0523888015634434
1626,0.0012786471856008558,0.05238897059833462
1627,0.0012781096676499457,0.05237742772269149
1628,0.0012780143659118413,0.05237736452897772
1629,0.0012780340815154827,0.05237730368283961
1630,0.0012780425520821572,0.0523769385446177
1631,0.0012768788799309926,0.052374325351600304
1632,0.0012760440225361147,0.05235924099934833
1633,0.0012760298473340366,0.05235968881934639
1634,0.0012760207278017539,0.05235943657379704
1635,0.0012759941317039157,0.05235906820771307
1636,0.0012750610503933647,0.05233744031485143
1637,0.0012750447283390498,0.05233742601528088
1638,0.001275034998978339,0.052337302897686226
1639,0.0012739540144563754,0.05231324981186103
1640,0.0012730271326708733,0.05228639685912742
1641,0.0012730192818948178,0.052286357521977335
1642,0.0012730165949494925,0.052286306116402725
1643,0.0012730316576405035,0.05228615164469932
1644,0.0012720988652512913,0.0522600205426596
1645,0.0012718365358118729,0.052255059181483404
1646,0.0012709629940182714,0.05224048239145635
1647,0.001270959092397186,0.05224047620229699
1648,0.0012709649217022983,0.05224047865508795
1649,0.0012702361137022988,0.05224460090634377
1650,0.0012701928362352512,0.05224474475613006
1651,0.0012702262420245687,0.05224469061738131
1652,0.0012693685370376152,0.05224025354572179
1653,0.0012693428409881868,0.052240034858991084
1654,0.0012683274240873716,0.052239545411966
1655,0.0012682289112503594,0.05223862157493635
1656,0.0012671223692067963,0.05224215792056019
1657,0.0012670893209178313,0.05224214132379326
1658,0.0012670811598906738,0.05224214301062267
1659,0.0012670798562667766,0.052241899841423384
1660,0.0012663931553008679,0.05221997898706916
1661,0.0012664051719807137,0.05221988833095883
1662,0.00126640440916149,0.05221977603192741
1663,0.0012653541202324757,0.05220841074810783
1664,0.0012653439875453321,0.05220804144019664
1665,0.0012640893949210827,0.05218249112702087
1666,0.0012640691255619192,0.05218247600666804
1667,0.0012640651300116009,0.05218235153422965
1668,0.0012634456000281704,0.05218322143565207
1669,0.0012634549269163503,0.05218322567392641
1670,0.001262362589356592,0.05217911486548217
1671,0.0012624138393163258,0.05217900341567147
1672,0.0012623776976246283,0.05217901037124672
1673,0.0012623832225847947,0.052178761394539724
1674,0.0012623214338007235,0.05217841676427513
1675,0.0012616286494226644,0.052164762208071896
1676,0.001261642997824555,0.05216463784417148
1677,0.0012614529829537485,0.052160918923425184
1678,0.0012614049836926328,0.05216103215233907
1679,0.0012608322503025562,0.05214409128766049
1680,0.0012603054356766685,0.05214491471994677
1681,0.001260262006748733,0.05214485568298942
1682,0.001260278328803048,0.05214485803177776
1683,0.0012597187032374042,0.05214281730434779
1684,0.0012589156255531603,0.05213451725028081
1685,0.0012586889046503056,0.052130808182899606
1686,0.0012586992920849138,0.05213074482300124
1687,0.0012587109506951388,0.05213068912221801
1688,0.0012576891690214257,0.05212815157914188
1689,0.001257105397114167,0.05211648280342166
1690,0.001256549012676322,0.052104541044471125
1691,0.0012564849414118944,0.05210473323986032
1692,0.001256504358576746,0.052104493262204316
1693,0.0012564732845094736,0.052104403575502604
1694,0.001255724587421386,0.052084259788860075
1695,0.0012554897909883233,0.052079682942130716
1696,0.00125500303011773,0.052080140132554964
1697,0.001255002222326328,0.052080089599205716
1698,0.001254219913124824,0.05206303717494807
1699,0.0012541194387323345,0.05206243048312941
1700,0.001254150916979942,0.05206241851596441
1701,0.0012533860408661438,0.05206206268199111
1702,0.001253221835524799,0.05205837186156326
1703,0.0012531872154866724,0.05205823251117908
1704,0.0012528777168679432,0.05206265703252026
1705,0.0012528761469689027,0.052062626226665486
1706,0.0012520294907637463,0.05208420773928407
1707,0.001250944027952135,0.05207055159640205
1708,0.001249706399747857,0.052025874247319984
1709,0.0012496978339710965,0.05202585114732687
1710,0.0012496482674082261,0.052025440400689536
1711,0.0012487097936880224,0.052029263503935004
1712,0.0012487245918116942,0.05202917761249602
1713,0.001248703157160776,0.05202911057293798
1714,0.0012487494952976418,0.052029139420146774
1715,0.001248707165661943,0.05202910865957346
1716,0.001248074222299439,0.05200743257119977
1717,0.0012470502629440647,0.051992488663447356
1718,0.0012470179764781043,0.051992502026304795
1719,0.0012469934925427295,0.05199246469782542
1720,0.0012469907572096178,0.051992440486883354
1721,0.0012459641628902096,0.05198998114441956
1722,0.0012459158089395024,0.05199001422952707
1723,0.0012453643980011638,0.05198736336725012
1724,0.0012444559166321478,0.05199160001658113
1725,0.0012444850628730764,0.05199164361005952
1726,0.0012444803992866693,0.051991639683541445
1727,0.0012444407600119042,0.05199155085454977
1728,0.00124443878635948,0.05199152237957584
1729,0.0012444503396551107,0.05199155217719137
1730,0.0012444347339890917,0.051991249026655
1731,0.0012435093570815417,0.05198432502273813
1732,0.0012434448854793387,0.05198447515707285
1733,0.0012425685437940674,0.05197848610467378
1734,0.0012417547217085513,0.05196063726082547
1735,0.0012417655723850575,0.05196057820351995
1736,0.001240989052728849,0.05196280069187121
1737,0.0012409744724925338,0.051962844212419486
1738,0.0012409884628248036,0.05196283475438106
1739,0.0012402778166645972,0.051966970979215085
1740,0.0012390692301338178,0.05193835609955579
1741,0.0012390722785643722,0.05193816471353418
1742,0.0012390838896407129,0.05193812034121563
1743,0.0012390343347122587,0.05193763319826298
1744,0.001238262662996366,0.05192696707007956
1745,0.0012379399440871793,0.051927378326545974
1746,0.0012380200319935984,0.05192740597621452
1747,0.0012369674013981374,0.05191280143740982
1748,0.001236273863255775,0.05189308028460708
1749,0.0012362882577683799,0.05189308444751304
1750,0.0012354831925380126,0.051883217849795785
1751,0.0012354695619831674,0.051883144538631056
1752,0.001235510367118955,0.05188314656652348
1753,0.0012346566459767447,0.05190512347375845
1754,0.0012346130440268929,0.051904981524507676
1755,0.0012345815196685712,0.05190478663290687
1756,0.0012345814728462717,0.05190454397076278
1757,0.0012338156214695194,0.05192039959977284
1758,0.0012333195700549547,0.051921063397886776
1759,0.0012328928395705001,0.05191314249265954
1760,0.0012323280650818342,0.05191676392673999
1761,0.0012313680604688281,0.05193686481902175
1762,0.0012313446977069318,0.05193677419333378
1763,0.0012305331505589703,0.05192020065705671
1764,0.0012300924738249423,0.051914567517828775
1765,0.0012290931119027656,0.05193044403566079
1766,0.001229068385654876,0.05193072317549828
1767,0.0012284762794494886,0.051918365897496314
1768,0.0012284595532148386,0.05191837985631071
1769,0.0012284785644915512,0.05191846499464516
1770,0.0012275704925152312,0.051913941035408535
1771,0.0012275602545134933,0.051913853109878706
1772,0.0012265280633282445,0.05190227923285147
1773,0.0012265038449564278,0.051901796672946816
1774,0.0012264128807208598,0.05190113512297232
1775,0.0012255083459095282,0.05189438276398227
1776,0.0012254173934151142,0.051893520795124826
1777,0.0012254523692457892,0.05189355707803756
1778,0.0012253956462360217,0.05189355346658112
1779,0.001225424688016258,0.05189314816933578
1780,0.0012253780036042944,0.05189303107041869
1781,0.0012253891667022374,0.05189291284204571
1782,0.0012253728445056054,0.0518929497065454
1783,0.0012245238385930905,0.051887795313199016
1784,0.0012245051848167306,0.051887739050650666
1785,0.001224468498762434,0.0518875477719737
1786,0.001224466775054275,0.051887373006489546
1787,0.0012244478214871136,0.05188744322110762
1788,0.0012243659664302653,0.05188711641962871
1789,0.001223785042411091,0.051881343608188954
1790,0.0012229257415700306,0.05185578013631369
1791,0.0012229308103329916,0.05185557874313042
1792,0.0012228818441700467,0.051855560219243396
1793,0.0012228989273357811,0.05185542557394873
1794,0.0012218351198198367,0.0518561818671503
1795,0.0012218083050163193,0.05185617327129472
1796,0.0012218308138760992,0.05185620251175275
1797,0.0012217966230305237,0.0518557065063949
1798,0.001221799000863283,0.05185571140442089
1799,0.001221799000863283,0.05185571140442089
1800,0.001221828194068828,0.051855611866729955
1801,0.0012218024993002525,0.051855645260990284
1802,0.0012217806581919272,0.05185521545540388
1803,0.0012213150874538232,0.05183429764012902
1804,0.0012205768067440675,0.05181160579919295
1805,0.001219815251117596,0.051793745653774856
1806,0.0012197666424550036,0.051793679324215136
1807,0.0012188705475054498,0.05178560855543473
1808,0.0012181236189553824,0.051770091518794664
1809,0.0012170084461673393,0.05173759401708917
1810,0.0012170114931747235,0.05173749399214576
1811,0.0012170345221854198,0.051737050171594044
1812,0.0012170403514905322,0.05173705813660597
1813,0.0012169851054467913,0.05173666687902857
1814,0.0012169862731579353,0.051736629915883285
1815,0.0012167687805531454,0.051735961841019494
1816,0.001215880796962109,0.05170842391350905
1817,0.0012158703042129066,0.05170840912130213
1818,0.0012158893156319363,0.05170838590253275
1819,0.001215843026167491,0.05170799951829437
1820,0.0012158460264237345,0.05170788411287246
1821,0.0012158371049967426,0.051707457277182414
1822,0.0012150684206751927,0.05170361807664476
1823,0.0012139816181801094,0.051701339170649334
1824,0.0012126641363410158,0.0516640837479863
1825,0.0012127111288515366,0.051664009598952385
1826,0.00121190030577699,0.05165616143427984
1827,0.001211481196351132,0.051654121830126784
1828,0.0012114702982830583,0.05165410409427595
1829,0.0012105917838794319,0.05163043043655254
1830,0.001210629852081041,0.05163035801699567
1831,0.0012103015994947702,0.05162703167562685
1832,0.0012098216931810968,0.05162991412855475
1833,0.0012098038012277412,0.05162992665711865
1834,0.001209825906405296,0.05162972805342829
1835,0.0012097851011271914,0.0516296732888634
1836,0.0012097744554583516,0.05162947468826084
1837,0.0012093959329607111,0.05163418387490146
1838,0.0012088364760941043,0.05163545657523474
1839,0.0012088592964858396,0.051635065476234976
1840,0.001207845062346193,0.05162846038903779
1841,0.0012076156617028121,0.051628372099539334
1842,0.0012076253927713271,0.05162836489774394
1843,0.0012076152589456475,0.051628129143714674
1844,0.001206966033875703,0.051633746561948024
1845,0.0012070037917550516,0.051633502139539766
1846,0.0012068372861793024,0.051633574889000895
1847,0.0012059993458775722,0.05161964857679267
1848,0.001206003618519127,0.05161943654202152
1849,0.001205678754447718,0.051610470299353624
1850,0.001205718393722483,0.05161043392056342
1851,0.001205692744779988,0.051610451865453114
1852,0.0012056772303747577,0.051610870291354936
1853,0.0012056701310325646,0.05161065905154872
1854,0.0012056538089782495,0.05161065987814486
1855,0.0012056487424923607,0.05161062689159692
1856,0.001205649906076311,0.051610541469830434
1857,0.0012056190376571313,0.0516104237914897
1858,0.0012056248658237076,0.05161039719756832
1859,0.0012046739807251947,0.05160353969951285
1860,0.0012046941579696676,0.05160359355647219
1861,0.001204693255679765,0.05160322697415467
1862,0.0012039704322883253,0.051578490931486795
1863,0.0012039397157214053,0.05157847790241199
1864,0.001203977380774478,0.05157851689338672
1865,0.0012039936094688283,0.051578449986254805
1866,0.0012033630842325895,0.05157646689916695
1867,0.001203216631196025,0.05157465329415759
1868,0.0012032406186940567,0.051574162448925605
1869,0.0012023499583689414,0.051570005604952424
1870,0.001202367446853547,0.0515699469615999
1871,0.0012014116503057482,0.05156507321622082
1872,0.001201403350270442,0.051564878410593866
1873,0.001200329247203315,0.05153488231217943
1874,0.0012003305721747654,0.05153465553438175
1875,0.001200282010192155,0.051534640900107266
1876,0.0012003033069023022,0.0515348708289579
1877,0.0011998829996474612,0.0515212592048256
1878,0.0011998821912867913,0.05152120070541516
1879,0.0011992996040441912,0.05151803745043493
1880,0.0011992980340028337,0.051518032562183985
1881,0.0011992792278049458,0.051518026532693065
1882,0.0011984988101033669,0.05149558852113314
1883,0.0011985462065095885,0.051495668754269246
1884,0.0011984975513804892,0.05149569830303276
1885,0.0011975211183311962,0.05149352817339055
1886,0.0011974896409019116,0.051493061684453625
1887,0.0011971469914370152,0.05149357281704975
1888,0.0011963439766746835,0.05148989365515437
1889,0.001196382450088426,0.05148989742687281
1890,0.001195421772333708,0.05148952880940783
1891,0.0011954474679561854,0.05148932727811712
1892,0.0011949021310904428,0.05148043502915773
1893,0.001194909841826551,0.05148037679590527
1894,0.001194966921340452,0.05148028514688218
1895,0.0011949302841008933,0.05148031241966658
1896,0.0011949524354603208,0.0514802701603094
1897,0.0011941015818459438,0.05147557684268742
1898,0.001193312625069835,0.05146178485459826
1899,0.0011925970824214192,0.051446040076712274
1900,0.0011919628284081149,0.051434464976821845
1901,0.0011919131005644823,0.05143434635748926
1902,0.0011917165914656592,0.051434599258779426
1903,0.0011915256889280237,0.051432161011484345
1904,0.001191482955681258,0.051432169794998164
1905,0.0011904396988318556,0.051423391330955345
1906,0.001190499966104673,0.051423333725062366
1907,0.0011904413155531955,0.051423306054993734
1908,0.001190482525438586,0.05142315356914044
1909,0.0011899821614269634,0.05142067481366909
1910,0.0011893592471448127,0.05139855630319808
1911,0.001189349158575945,0.051398612328474744
1912,0.0011885366294583394,0.05138116699849316
1913,0.0011885334893756245,0.05138117666661504
1914,0.0011885148996419231,0.05138096827893122
1915,0.0011885335545568194,0.051380991718701786
1916,0.0011885117606977445,0.05138098602256314
1917,0.0011885117606977445,0.05138098602256314
1918,0.0011884809399547664,0.05138092026228041
1919,0.0011884739447886312,0.05138082292266406
1920,0.0011884840310270577,0.05138020206826276
1921,0.0011884599518412861,0.051380104733377084
1922,0.0011884603093416386,0.05138011212355919
1923,0.0011884241676499412,0.051380108671559156
1924,0.0011884404897042561,0.05138010518091884
1925,0.0011884742996739086,0.05138010687708685
1926,0.0011884731338128861,0.051380103379985144
1927,0.0011884731338128861,0.051380103379985144
1928,0.001188473605131275,0.051379941075899146
1929,0.0011884397002361706,0.0513800318249674
1930,0.0011883958016976504,0.051379934498617816
1931,0.0011884210464598104,0.051379962004133535
1932,0.0011883924333028573,0.05138004502354018
1933,0.001187686511694111,0.05136036345482085
1934,0.0011876387580721708,0.05136041381254909
1935,0.0011876480399881726,0.05136038172418831
1936,0.0011871095488023258,0.05137502868805364
1937,0.0011870943926090333,0.05137499120401788
1938,0.0011864074497575608,0.05136708396548007
1939,0.0011864090197989182,0.05136710285952702
1940,0.001185806740808567,0.051360790103605135
1941,0.0011857744542002897,0.051360796681180786
1942,0.0011857992950667488,0.051360764571427776
1943,0.0011857969633447037,0.051360710794091706
1944,0.0011857864705955012,0.05136069684734588
1945,0.001185772388611071,0.05136073895555843
1946,0.001185767182085235,0.051360667310159716
1947,0.001185734537976605,0.05136065355003682
1948,0.0011857678380243772,0.05136066316256014
1949,0.0011850219464139024,0.051341009908657705
1950,0.0011850094194919632,0.05134138998041496
1951,0.0011850163686897008,0.05134139725576041
1952,0.001184255835486486,0.05132981924304316
1953,0.0011835799043610166,0.051314993707237515
1954,0.0011828858412823281,0.051302160485392045
1955,0.0011828757080259167,0.05130226132407698
1956,0.001182877276928738,0.051302264285125576
1957,0.0011827295212111263,0.05130171466160044
1958,0.0011827088537556803,0.05130222310665693
1959,0.0011822036492575955,0.051293274266475876
1960,0.001182206028371208,0.05129309032387717
1961,0.0011822129301773782,0.05129266992540312
1962,0.0011810870567149673,0.05128796584529893
1963,0.001181078063400091,0.051288043862632346
1964,0.0011809547196588112,0.05128710517721902
1965,0.0011809480370208508,0.051287205905864115
1966,0.0011809503687428956,0.05128719298294203
1967,0.0011809153003349995,0.051287038696902834
1968,0.0011809397833097343,0.051287061992029516
1969,0.0011809351198656442,0.0512870593291352
1970,0.0011809265547293103,0.05128700231492477
1971,0.001180936643298178,0.05128701219699093
1972,0.0011809268655496807,0.05128703625937226
1973,0.0011808828626572062,0.05128716953550366
1974,0.0011808768020869372,0.05128683404959
1975,0.0011808479205556647,0.0512867155283922
1976,0.0011808497894627628,0.05128676214204588
1977,0.001180793595872307,0.05128656627784994
1978,0.0011801648645065178,0.051266790719081905
1979,0.0011801792119121894,0.05126657282839804
1980,0.0011795929147317393,0.05126350338101723
1981,0.0011795744778465168,0.0512632465572614
1982,0.0011794376394631452,0.051262909719167964
1983,0.001179411944125302,0.0512627166152081
1984,0.0011784323822719178,0.051263367080309125
1985,0.0011776388486516253,0.05124165723668842
1986,0.0011776213163333777,0.051241550651271
1987,0.001177645394095979,0.05124147941867009
1988,0.001177655433707792,0.051241343518161044
1989,0.0011776281099786132,0.05124132242107056
1990,0.001177595823370336,0.05124128088576608
1991,0.0011771438450461156,0.051237291817649126
1992,0.0011771065374933955,0.051237289124358855
1993,0.0011763388541586011,0.051243740285707225
1994,0.0011763559367550676,0.05124369216170889
1995,0.0011754431980791557,0.05124710660759017
1996,0.0011754537372237065,0.0512470439845043
1997,0.0011744776313256616,0.051244992624651424
1998,0.0011745020096618078,0.05124487868828659
1999,0.0011745159086265515,0.05124466594692797
2000,0.0011745077476171836,0.05124447680784736
2001,0.0011744801699944424,0.051244470713206376
2002,0.001173827339269444,0.05124533463828105
2003,0.0011737478613337699,0.05124478475434674
2004,0.0011727286761807059,0.05122568857517793
2005,0.0011727663412337786,0.05122563547860034
2006,0.0011727119488075199,0.051225718533088584
2007,0.0011727246807727047,0.051225906174826676
2008,0.0011726662362606917,0.05122522387702374
2009,0.0011726965019672945,0.05122528929037085
2010,0.0011725400656230878,0.051226171850564065
2011,0.0011723944618989154,0.05122289406792342
2012,0.0011723695293802956,0.051222889659905076
2013,0.0011723990328369428,0.05122283851381039
2014,0.0011717312424050867,0.051207412927435636
2015,0.0011710930163593516,0.05119664118525967
2016,0.0011701860128636335,0.05118580753507783
2017,0.001169405610318817,0.051184600336114154
2018,0.0011682654047498143,0.05119221723676872
2019,0.0011682435659897197,0.0511921461299834
2020,0.0011675414761777713,0.051170677549555586
2021,0.0011675476646910406,0.051170625291703666
2022,0.0011675243474705906,0.05117062448202121
2023,0.0011667577257851813,0.05117222789675733
2024,0.0011662405450252843,0.05115743168735031
2025,0.0011662439367244894,0.05115724117591121
2026,0.0011662645641532738,0.05115705066598546
2027,0.0011661933541248387,0.051157333320026324
2028,0.0011658718970517143,0.051161717313536255
2029,0.0011658283771654137,0.05116119148895638
2030,0.0011650387257043542,0.051169700017704635
2031,0.0011650010141136162,0.05116993606372144
2032,0.0011644727716210736,0.05115902464435673
2033,0.0011636846876396652,0.0511612297943342
2034,0.0011636654288024973,0.05116090263751386
2035,0.0011626876893007564,0.05113036919272846
2036,0.0011627145041042738,0.05113039943484367
2037,0.0011626667038023514,0.05113044030634568
2038,0.0011627117682018939,0.051130447934200816
2039,0.001162104277669032,0.05112714222133942
2040,0.001162091002337467,0.051127092186131935
2041,0.0011615076978526689,0.05112286599482291
2042,0.0011615030344085788,0.05112286573410878
2043,0.001160660639388457,0.051121622634723675
2044,0.001160672873635446,0.05112147518560817
2045,0.0011602758188468112,0.051119100714546346
2046,0.0011592594206701477,0.051086056372345076
2047,0.0011586405089118491,0.05106874549382506
2048,0.0011586339173567809,0.05106867614533988
2049,0.0011586512545228157,0.051068696480563065
2050,0.0011585845587902342,0.05106895303777615
2051,0.0011586098038370283,0.05106894137978726
2052,0.0011585996697267146,0.05106893348250665
2053,0.0011585957679633122,0.051068930602122135
2054,0.0011579025301098605,0.05106516505584246
2055,0.001157069620874871,0.05106207259677686
2056,0.0011562199417850649,0.05106379365503745
2057,0.0011555807753440453,0.05105968917634169
2058,0.0011555959318219717,0.05105959487107704
2059,0.001154926790374651,0.051053118465028524
2060,0.0011549088525774258,0.051052748868329986
2061,0.0011549600563908662,0.05105274756866311
2062,0.0011549136870509938,0.051052343734994794
2063,0.001154039887770325,0.05104395343613873
2064,0.0011533397383797768,0.051019857285306176
2065,0.0011533619375577227,0.051019961090948945
2066,0.0011533184423456356,0.0510200165069764
2067,0.0011532690725716236,0.051020019265506415
2068,0.0011533388380467332,0.0510195804502868
2069,0.0011532959522005434,0.05101989354525601
2070,0.001153285459451341,0.05101991011727799
2071,0.0011532838905485196,0.051019897633129335
2072,0.0011532336200323027,0.05101980127817711
2073,0.0011532405692300403,0.0510197814613445
2074,0.0011526881495486686,0.051028371409518505
2075,0.001152642276788456,0.05102839961862814
2076,0.0011526760274119115,0.05102829459720204
2077,0.0011521590725624932,0.051015981733819375
2078,0.0011521411831708441,0.05101580850116432
2079,0.0011521165922130708,0.051015586333097634
2080,0.001152052272196283,0.05101536416876622
2081,0.001152085226662753,0.051015331213881916
2082,0.0011513484648135969,0.05100430986279939
2083,0.0011513566258407543,0.051004306026994295
2084,0.001151304163233278,0.051004322487933795
2085,0.0011513348786794514,0.051004331413374696
2086,0.0011512773467397459,0.05100414365703442
2087,0.0011513092287407372,0.051004108954529094
2088,0.0011512691852856372,0.05100369028425897
2089,0.0011510885424175059,0.05100245991908318
2090,0.0011509908576520708,0.050999845963720036
2091,0.0011509442230688539,0.050999852448463785
2092,0.0011509593792621462,0.05099983035794308
2093,0.0011503699311650982,0.05099830745115311
2094,0.0011503235614338542,0.05099793230648304
2095,0.0011503471894746744,0.050997764116947945
2096,0.0011503043051939719,0.05099765500285608
2097,0.0011502899126738053,0.0509967209917672
2098,0.0011495273817665897,0.05099287672028678
2099,0.001148987693178711,0.05098860253606064
2100,0.001148968231290736,0.05098859806425416
2101,0.0011490109629720144,0.050988582156755974
2102,0.0011489465487235701,0.05098764310042839
2103,0.0011489108778699414,0.05098701524366813
2104,0.0011486854746092104,0.05098875021634375
2105,0.0011486551622226255,0.050988760952752045
2106,0.0011486309022942392,0.05098799738537064
2107,0.001148589850238423,0.05098771909576372
2108,0.0011485982755482854,0.050987247850049607
2109,0.001148588405329305,0.05098663985224156
2110,0.0011485166986500515,0.050986550469933827
2111,0.0011485454412087546,0.050986547817055146
2112,0.0011485449436684548,0.050986199516132584
2113,0.0011485651674861723,0.05098601212447485
2114,0.0011485336892385649,0.050985998756803944
2115,0.0011481183125924383,0.05098554678882974
2116,0.0011478993105199723,0.050982021541016075
2117,0.0011479222225638682,0.050981995840341
2118,0.0011478864953704895,0.05098140044328924
2119,0.0011478732203235589,0.050981387581715484
2120,0.0011478623233940213,0.0509813867738085
2121,0.0011478645614714676,0.05098108976894013
2122,0.0011478423634320577,0.05098103958678961
2123,0.0011478592164355927,0.05098112137886845
2124,0.0011474418720609878,0.0509718255645318
2125,0.0011474015711543998,0.05097160445080168
2126,0.0011474396403878073,0.050971450282471305
2127,0.0011474178465287325,0.05097145011675702
2128,0.0011468559296590772,0.05096784626744568
2129,0.0011468644937280335,0.05096783457288754
2130,0.0011468793056564563,0.05096751442123794
2131,0.0011468754038930539,0.050967434143541726
2132,0.0011462575238086181,0.05097512651004692
2133,0.0011462353715952884,0.050975079774832975
2134,0.0011462247874429803,0.05097487301215527
2135,0.0011462055693440593,0.050974356648917654
2136,0.0011462051651637242,0.050974356883215444
2137,0.0011462203213570168,0.05097434519982685
2138,0.001145532128410636,0.050974213168830385
2139,0.0011446083792184154,0.0509744327859563
2140,0.0011439935504642435,0.05097635393989929
2141,0.001143984072720023,0.05097624244961646
2142,0.0011430094962318264,0.05095045203835081
2143,0.001141964724382174,0.05091919842188577
2144,0.0011410689968773741,0.05092029277926824
2145,0.0011410331191837476,0.05092035152717019
2146,0.0011409417549306173,0.050919390036049075
2147,0.0011408725191238746,0.05091919675108317
2148,0.0011408750069676898,0.05091928504894514
2149,0.001140817119235436,0.0509192372617771
2150,0.0011408334412897508,0.05091915403644511
2151,0.0011408229485405483,0.05091914242760794
2152,0.00114083034781586,0.05091919151345266
2153,0.001140831467139217,0.05091928989237131
2154,0.0011408449125396198,0.05091980136298171
2155,0.001140334815609361,0.050911026479229404
2156,0.0011396266779289375,0.05090790549576056
2157,0.0011391862102408214,0.050893383829559505
2158,0.0011391371386387547,0.05089298556300748
2159,0.0011391503211796228,0.0508930084923363
2160,0.0011391284802136146,0.05089307415135661
2161,0.0011382780490673094,0.05089282874358719
2162,0.0011382686288191647,0.05089313050975626
2163,0.0011382317344839105,0.05089286568739
2164,0.0011381973800093418,0.05089241342048689
2165,0.001138194689648408,0.05089240926128753
2166,0.0011380422977048364,0.050887773832471284
2167,0.0011380337354860014,0.050887567602806334
2168,0.0011372664959490423,0.05088394043193567
2169,0.001137269230712886,0.050883927628234266
2170,0.0011371853902090903,0.05088394118346844
2171,0.0011366200034014487,0.05086907421805053
2172,0.0011360141422383516,0.05085631812843388
2173,0.0011358629867628338,0.050853591137638085
2174,0.0011358768857275773,0.050853513544381716
2175,0.001135367131461122,0.05085463770698534
2176,0.001134574600588758,0.05084707640496231
2177,0.0011343217811995235,0.05083934264048811
2178,0.0011338803307768095,0.05083544943494592
2179,0.0011330636994956484,0.05084713441112817
2180,0.0011330484061087493,0.05084717189311529
2181,0.0011330297523323893,0.05084716768034472
2182,0.0011330461187896144,0.05084716516668114
2183,0.0011330523522750618,0.05084714705699158
2184,0.0011330192587292846,0.050847115231850544
2185,0.0011330014133135945,0.050847005441781924
2186,0.001133036031643917,0.050846968757865964
2187,0.0011330037438971035,0.05084682665357663
2188,0.001132600114097754,0.05085430705616691
2189,0.0011325966165146863,0.050854301925997804
2190,0.0011325966165146863,0.050854301925997804
2191,0.001132599663308595,0.05085408373506395
2192,0.0011325248387125024,0.05085397478300368
2193,0.0011317805598207015,0.050828695783816755
2194,0.0011317502474341163,0.05082869321931462
2195,0.0011317467498510488,0.05082869071204046
2196,0.001131760336002984,0.05082867707739846
2197,0.0011317583644853148,0.050828463292939816
2198,0.0011317280520987299,0.05082844739692418
2199,0.0011317280520987299,0.05082844739692418
2200,0.0011317276018076806,0.050828427460776225
2201,0.0011317508712096122,0.05082843967230076
2202,0.0011317236527950277,0.05082836396209956
2203,0.0011317162534485578,0.05082836344854947
2204,0.0011317205110045086,0.05082838529182683
2205,0.0011317053081312338,0.05082833073924744
2206,0.0011317200601441914,0.050828296795069686
2207,0.0011317247235882813,0.050828281750744234
2208,0.0011317227960465713,0.05082821852125075
2209,0.0011316675733784008,0.050826608378910974
2210,0.0011316858226897918,0.05082597469501402
2211,0.0011316442104741876,0.050825995863664396
2212,0.0011314586548047587,0.050825360253759555
2213,0.0011307482270122287,0.0508096581624576
2214,0.0011303166243224064,0.05081131878866757
2215,0.0011303053236572747,0.05081133266976352
2216,0.0011303126763237623,0.050811340540802934
2217,0.0011302959506583803,0.050811327520183434
2218,0.0011303064434075828,0.05081130037267099
2219,0.0011302796286040654,0.050811288964869694
2220,0.0011303274289059877,0.050811226825054845
2221,0.0011302752317553318,0.05081082153386173
2222,0.0011302425403974512,0.05081088612986546
2223,0.0011302336176896063,0.05081090776983142
2224,0.0011302989059068663,0.05081089557288249
2225,0.0011302577431284092,0.05081088874940241
2226,0.0011303137044574893,0.05081088568517665
2227,0.0011299708622064006,0.05081480663846449
2228,0.0011299770490118659,0.05081483532678528
2229,0.0011296809483841825,0.050812117369503945
2230,0.001129653531010405,0.05081154698235584
2231,0.0011296191773897384,0.050811113950322555
2232,0.00112964518269405,0.050811077422017126
2233,0.0011291189290284836,0.050808080299152604
2234,0.0011291410803879113,0.050808079101048814
2235,0.0011291057003769013,0.05080806223741058
2236,0.0011282671248965242,0.05080345032368916
2237,0.0011282562268284506,0.05080357510022091
2238,0.0011280413503306896,0.05079551025061084
2239,0.0011276342188922374,0.050793553793270316
2240,0.0011276311252048708,0.05079354328185399
2241,0.0011276019773984551,0.05079348015385027
2242,0.0011275988856323683,0.05079267785189443
2243,0.001127627224366529,0.05079258354025037
2244,0.001127608167263736,0.05079257299760922
2245,0.0011263337583821335,0.05078970415281223
2246,0.0011263098863743628,0.05078980146524503
2247,0.0011262943711152305,0.05078978108281116
2248,0.0011263149849527394,0.050788902304056395
2249,0.0011262757053486616,0.05078878147391564
2250,0.0011262908615419542,0.050788786526206796
2251,0.0011262178153393352,0.050788782133621126
2252,0.00112624615435813,0.05078889086895116
2253,0.00112624615435813,0.05078889086895116
2254,0.0011262323225670196,0.05078812705209826
2255,0.0011260578640671743,0.05078737131014356
2256,0.001125541131427992,0.05077936914264668
2257,0.0011255298291795834,0.050779333485091914
2258,0.0011251187776188335,0.050777339733648404
2259,0.0011251677437817784,0.05077735825629915
2260,0.0011251289128676833,0.05077735303913499
2261,0.0011251378355755285,0.05077737413745847
2262,0.0011251549193105309,0.05077735728047659
2263,0.0011244410801790473,0.050762708500708104
2264,0.0011238437161425385,0.05074086228478277
2265,0.0011238347931500595,0.05074088327533126
2266,0.001123856540329152,0.050740634341256544
2267,0.0011238186783271143,0.050740048905637894
2268,0.0011238084011526168,0.05073998810487904
2269,0.0011237285421631233,0.0507397139213033
2270,0.0011230007179473095,0.050741850003973896
2271,0.0011229342171890447,0.050741805845457566
2272,0.0011228660646282946,0.05073965936003099
2273,0.001122843405303846,0.050739618641007525
2274,0.0011228620590802059,0.05073959016516919
2275,0.001122878381134521,0.05073949630954942
2276,0.0011228462996050684,0.050739285608247926
2277,0.001122542479150777,0.050730039749057494
2278,0.0011218734569295394,0.0507382370466749
2279,0.00112152666986415,0.050735523885484995
2280,0.0011215386862593617,0.050735529548518336
2281,0.0011215285067143394,0.05073545813078224
2282,0.0011213334103254088,0.050735801235523625
2283,0.0011213124248270038,0.05073578549479023
2284,0.0011213112589659813,0.05073579407630041
2285,0.0011213112589659813,0.050735793415895174
2286,0.0011210977028499466,0.05073154230885282
2287,0.001121147789047834,0.05073148846559795
2288,0.0011203755913282377,0.050721832652905405
2289,0.001119771907081848,0.05071846909551543
2290,0.001119746258139353,0.050718453274456926
2291,0.0011197376940703966,0.05071834604636313
2292,0.0011190721447580131,0.05071208927485871
2293,0.0011190454910573616,0.050712027263930266
2294,0.0011190323088011273,0.05071198323591726
2295,0.0011190497501787995,0.05071180157393682
2296,0.0011187469434130579,0.05070367940271321
2297,0.00111872002357958,0.05070385095702468
2298,0.001118703251234216,0.05070377635693807
2299,0.0011187312330372921,0.05070359476249707
2300,0.0011186235608903904,0.05070061951880741
2301,0.0011185373544373065,0.05069955119920572
2302,0.0011185428262420664,0.0506991774813417
2303,0.0011185894606829665,0.05069912613969797
2304,0.0011184698477289799,0.050699318131170214
2305,0.0011184985905011585,0.050699308018530675
2306,0.0011185098450733656,0.05069929082875974
2307,0.0011185047780182087,0.05069910929238754
2308,0.0011185009225078376,0.05069930016502509
2309,0.0011184828942859362,0.05069914772811749
2310,0.0011184432561497071,0.050699092289345146
2311,0.0011184689507759654,0.05069925247070013
2312,0.0011184856308999011,0.05069929609492445
2313,0.0011174872033423255,0.05067519491696169
2314,0.0011174850900769052,0.05067478795691483
2315,0.0011174792607717926,0.050674804029495195
2316,0.001117400821874887,0.05067550603901682
2317,0.0011167083364159375,0.050646353811329196
2318,0.0011159950774219933,0.05062678392067381
2319,0.0011153946117461548,0.05061349929521166
2320,0.0011154007048002834,0.05061340233673535
2321,0.0011153638012855811,0.05061340019235458
2322,0.0011153688218030727,0.05061334672981621
2323,0.001115379672194945,0.05061333382277515
2324,0.001115358488733566,0.050612905804426477
2325,0.0011153526595707704,0.05061292660885255
2326,0.001115302078678924,0.05061243630731488
2327,0.0011153195204835471,0.050612391136169596
2328,0.0011153272773303698,0.05061235225136195
2329,0.0011153614914803573,0.05061232739255395
2330,0.001115270771958904,0.05061177850166517
2331,0.0011149461450054388,0.050598999600463664
2332,0.0011141581146419674,0.050578481180403714
2333,0.0011141755565889078,0.05057837443908991
2334,0.0011141098647605807,0.05057828678070668
2335,0.0011141089495554086,0.05057799859395192
2336,0.001113404212984903,0.050571200452389095
2337,0.00111340188069359,0.050571092618423276
2338,0.001112943832868708,0.05056045005487126
2339,0.001112934505980528,0.05056040472960015
2340,0.0011128925033893394,0.05056007072459268
2341,0.0011129367594993706,0.05056007177609295
2342,0.0011129364019990182,0.050560093723412705
2343,0.0011128959549328514,0.05055995136763242
2344,0.0011128583895016922,0.05055966384084341
2345,0.001112848208142128,0.05055961883485891
2346,0.001112818415141505,0.050559536655003005
2347,0.0011127871877632234,0.05055958158582725
2348,0.0011121831646244312,0.050561094069260265
2349,0.0011113232508773373,0.05055542136937131
2350,0.0011103686227522675,0.05052767743137851
2351,0.0011104273195211972,0.0505276603725771
2352,0.0011098535352800393,0.0505236936373664
2353,0.0011090858488142705,0.05052041571183532
2354,0.0011090888474338681,0.05052024104515554
2355,0.0011091405028192107,0.05052013146124964
2356,0.0011091257041262708,0.05052002527976248
2357,0.001109079336245148,0.050520054552676885
2358,0.0011090439111018533,0.050519900369466686
2359,0.001109022879350417,0.050519892762572585
2360,0.0011082954489257959,0.050499039685425434
2361,0.0011082530750295041,0.050499019399345986
2362,0.001108292308985398,0.050498994149929664
2363,0.001108292308985398,0.050498994149929664
2364,0.0011082413686007604,0.0504988060169515
2365,0.0011082899307256876,0.050498716393520986
2366,0.001108241678691756,0.050498392065643195
2367,0.001108239611394733,0.05049794434702216
2368,0.0011082158886775155,0.05049810766779927
2369,0.001108211942795837,0.050497984401348936
2370,0.0011082301929611303,0.05049795246518245
2371,0.0011082469191957803,0.050497945109526314
2372,0.0011081864777625103,0.05049555715241905
2373,0.0011081938782475165,0.05049549934762476
2374,0.0011081549067953648,0.05049542572788539
2375,0.0011082135573468423,0.050495423902901494
2376,0.001108148627768471,0.050495065496278455
2377,0.0011074861856813607,0.05049047133160631
2378,0.0011071385691390136,0.050491354675873394
2379,0.0011068497405552263,0.050485540801237926
2380,0.001106846647721762,0.05048518282545429
2381,0.001106906868314597,0.050485155986791694
2382,0.0011068260197237096,0.050485157846828825
2383,0.0011068221737485786,0.05048493435450947
2384,0.0011067658735270964,0.05048427432460816
2385,0.001106756905420122,0.05048416845514124
2386,0.001106740179185472,0.05048434628215724
2387,0.0011067250229921796,0.050484334413733394
2388,0.0011067130616380751,0.0504844018889725
2389,0.0011067130616380751,0.0504844018889725
2390,0.0011067251244286352,0.05048442581062822
2391,0.0011066944545416973,0.05048442631513786
2392,0.0011066733758256448,0.050485019916031215
2393,0.0011066644529754827,0.05048505359141132
2394,0.0011066136125151825,0.05048480756028309
2395,0.0011066159430986912,0.0504848644695365
2396,0.0011059199264342784,0.05049006740494457
2397,0.0011058752195350883,0.05048996823625782
2398,0.0011059436018310868,0.05048996727870598
2399,0.0011055444064699534,0.050486303170706896
2400,0.0011054331407471547,0.050486156689662554
2401,0.0011054695934371187,0.05048612098497652
2402,0.0011054873351037018,0.05048592563380468
2403,0.0011054745106324542,0.050485919059165475
2404,0.001104803011027702,0.05048928250585783
2405,0.00110476710686311,0.05048843948531389
2406,0.0011047511877082766,0.050488389063852016
2407,0.001104735537817244,0.050488412811313325
2408,0.0011047122194582579,0.05048842710572054
2409,0.0011047322578368992,0.05048761549719815
2410,0.0011043347462995803,0.05047862210409231
2411,0.001104337075744553,0.05047863988250479
2412,0.0011041145019240626,0.050472001744195534
2413,0.0011041279952853011,0.050471682286624596
2414,0.0011041306843653817,0.05047176323078687
2415,0.0011036924714947513,0.05047408185133053
2416,0.001102643645922699,0.050475995253634644
2417,0.0011026396986178503,0.05047557368212589
2418,0.0011026280400076253,0.050475567804996874
2419,0.0011026365585351354,0.050475484570604225
2420,0.001102640056118203,0.05047547654269152
2421,0.0011026205934119048,0.05047539580213103
2422,0.0011026193337639665,0.05047545731096261
2423,0.0011026379875403267,0.05047536820677943
2424,0.0011026174055106714,0.05047556475761032
2425,0.0011026145309915147,0.050475294678607445
2426,0.0011025896448682434,0.050475218168755435
2427,0.0011025798673865905,0.050475212476233586
2428,0.001102555788200819,0.05047508991310555
2429,0.0011025713485744463,0.05047506932191625
2430,0.0011024626745513076,0.05047728377084813
2431,0.0011025062622694575,0.05047730405065518
2432,0.0011024521804856727,0.05047688667602491
2433,0.00110249284764511,0.05047611188924566
2434,0.0011024199281046384,0.050475802398556556
2435,0.001102450598133893,0.05047567909957151
2436,0.0011024265192327554,0.050475664013268313
2437,0.0011024252616128347,0.050476044110761724
2438,0.0011019602737340833,0.05046369988889434
2439,0.0011013974625976473,0.05046362047612825
2440,0.0011012185103311783,0.05046183308970314
2441,0.0011012325006634484,0.05046181391210398
2442,0.0011012035599282958,0.05046160336463402
2443,0.0011011546942411665,0.050461834543590794
2444,0.0011011460859116171,0.050461901308492825
2445,0.0011011558622369443,0.050461877105115426
2446,0.0011011755897952153,0.05046164490841103
2447,0.0011011542006857434,0.05046158687569944
2448,0.0011006114280880555,0.05044233189323105
2449,0.0011005947462563155,0.05044233541525031
2450,0.00110056362935162,0.050442266785920065
2451,0.0011005245675993196,0.050442238840836366
2452,0.001100551382402837,0.050442140230559235
2453,0.0011005408896536345,0.050442136943477024
2454,0.001100567300276817,0.05044212665403456
2455,0.0011005757707011747,0.050441941498053346
2456,0.0011004901975766165,0.05044163693415167
2457,0.0010999163540426305,0.05043387117584754
2458,0.0010999232544256306,0.05043372593439349
2459,0.0010998735254434619,0.050433460962242015
2460,0.001099888326698108,0.05043335986625301
2461,0.001099862273290644,0.05043326137016648
2462,0.0010998676545817797,0.05043294615139366
2463,0.0010998633486380422,0.05043297511574448
2464,0.0010991935056033954,0.05042689320346481
2465,0.0010991953881729273,0.05042680444077487
2466,0.0010991808551502832,0.050426621201539804
2467,0.0010991913014685582,0.05042663643026247
2468,0.0010991784306019624,0.050426610215995815
2469,0.0010991500446541306,0.050426821649123536
2470,0.0010981072362990251,0.05038397911763804
2471,0.0010981410464109946,0.050383890558120197
2472,0.001098093246109072,0.05038386696293097
2473,0.001097423814619666,0.050373818914371475
2474,0.0010974070419896677,0.0503736093313577
2475,0.0010966583435139893,0.05036826495510139
2476,0.00109664112258538,0.05036778228445847
2477,0.0010966007754257606,0.05036797379919945
2478,0.0010966042263288458,0.050367825656697555
2479,0.0010966266880816926,0.05036757900407917
2480,0.0010965850315699161,0.05036756659803937
2481,0.0010965705922274499,0.050367478218766734
2482,0.0010965775384365302,0.050367430255352265
2483,0.0010962241483417632,0.050358057293501755
2484,0.0010956826771620586,0.05033949650014296
2485,0.0010956891282146494,0.05033909410217201
2486,0.0010956855848055017,0.05033905736953851
2487,0.0010955962199641763,0.05033920791567229
2488,0.0010956685033475715,0.0503391730916694
2489,0.0010956073219369595,0.0503390534251972
2490,0.0010956469612117244,0.0503390382346373
2491,0.001095601042269639,0.050338898442137056
2492,0.00109561478810127,0.05033896352022397
2493,0.0010955732211424779,0.050338754457183346
2494,0.0010955852385339086,0.05033874111238297
2495,0.0010956692260689748,0.05033865020185294
2496,0.0010955776884381358,0.05033827963003124
2497,0.0010955310076018875,0.05033818651266548
2498,0.0010955403344900675,0.05033818356429643
2499,0.00109555549068336,0.05033819049261545
2500,0.00109557414445972,0.05033818722590139
2501,0.001095537241087335,0.0503381548217694
2502,0.0010955710527647917,0.05033813231908551
2503,0.001095469566996404,0.050336772648791744
2504,0.0010954811807767678,0.05033639617032332
2505,0.0010954294774305898,0.05033601986028422
2506,0.0010954403749293953,0.05033584406933538
2507,0.0010954609556781973,0.050335635045376574
2508,0.0010954644532612649,0.050335623289972965
2509,0.0010954111814392164,0.05033559924642627
2510,0.0010953572479497657,0.05033280101598257
2511,0.0010953832556734665,0.05033275878156485
2512,0.0010953742877088093,0.050333235017831136
2513,0.0010953719559867643,0.0503332323960357
2514,0.001095339884277186,0.0503328445489296
2515,0.001095281591226061,0.05033279872249024
2516,0.0010952949257615058,0.050332776518566304
2517,0.0010952858971697984,0.05033267202671747
2518,0.0010944594037461477,0.05032057619632181
2519,0.0010944640677595058,0.05032055133540345
2520,0.0010941532039291893,0.05031155933208202
2521,0.0010941811845937293,0.05031155643992041
2522,0.0010941477328715937,0.0503115389037646
2523,0.0010940689664320682,0.050311436897431776
2524,0.0010938865864246088,0.050309425421839846
2525,0.001093717251390829,0.050305453756670136
2526,0.001093740164430944,0.05030540435913938
2527,0.0010931500085735691,0.050293637659240484
2528,0.001093110714986844,0.05029365261154223
2529,0.0010931173062572782,0.05029366410361245
2530,0.0010931250631041006,0.05029360670835979
2531,0.0010931343899922808,0.05029365375574546
2532,0.0010931751951280683,0.050293659147347916
2533,0.001093118783365622,0.05029360700500252
2534,0.0010930629811469696,0.0502934673095683
2535,0.0010930757595075029,0.05029341517022767
2536,0.0010922582432279571,0.05029446312394296
2537,0.0010922384552383218,0.050294087377586116
2538,0.00109217980440221,0.05029394655545547
2539,0.0010922302933572621,0.05029386455459007
2540,0.0010915445935026364,0.05028756653632372
2541,0.001091505716477827,0.050287596180317806
2542,0.0010914846256648277,0.05028759206693797
2543,0.0010911171306548003,0.05027869948058965
2544,0.0010906841939919763,0.05028774827578281
2545,0.0010898607686386287,0.05028351275388478
2546,0.0010898549404720524,0.05028348269933064
2547,0.0010893839876422793,0.05028760812325769
2548,0.0010892817690479797,0.050285274434998216
2549,0.001089288001964159,0.05028527069954874
2550,0.0010886353708209908,0.050279711650641844
2551,0.0010886077489376564,0.05027968165272306
2552,0.0010885244150468704,0.0502793764432375
2553,0.0010885523390692367,0.05027955457109816
2554,0.001088525072302445,0.0502796180717881
2555,0.0010885577156994899,0.05027959433563773
2556,0.0010885123525765238,0.05027872167984092
2557,0.0010884740063586173,0.05027768430885504
2558,0.0010885113139113374,0.050277632363126726
2559,0.0010885078163282698,0.05027758769938133
2560,0.0010884826267851132,0.050277628556772924
2561,0.0010884202310901129,0.050276850925635996
2562,0.0010884155676460228,0.05027685690633667
2563,0.0010884664613506779,0.050276774145280756
2564,0.0010884413470932247,0.05027661613702939
2565,0.001088409868845617,0.05027661608147439
2566,0.001087913366054836,0.05027504618240985
2567,0.0010871440219871636,0.05027340878769976
2568,0.0010871234978805354,0.050273389877071015
2569,0.0010867239532022781,0.050268524026900574
2570,0.0010866967342184255,0.05026855633335933
2571,0.0010861303836221393,0.05026537777250844
2572,0.001086134596205912,0.05026510426906333
2573,0.0010861270454341333,0.05026505513406443
2574,0.0010860669397978707,0.0502650908124699
2575,0.0010860576129096905,0.05026506896021303
2576,0.0010860447884384432,0.050265047108006784
2577,0.0010858483989214956,0.05026414279194952
2578,0.0010858514002451164,0.05026413735993108
2579,0.0010858222070395716,0.05026412577488311
2580,0.0010856639051505064,0.050261779678125194
2581,0.0010853313993845332,0.05026008989545416
2582,0.0010853491074642996,0.050259791219897695
2583,0.0010846363257838488,0.050251193119393356
2584,0.0010845649085418334,0.050250949776374246
2585,0.0010843167044401675,0.050245590710101054
2586,0.0010843260313283475,0.05024556889615699
2587,0.001084310875135055,0.05024556316142808
2588,0.0010843365255007202,0.05024507495552148
2589,0.0010842884323815302,0.05024498553223951
2590,0.0010842895982425527,0.05024498827967581
2591,0.0010842651151610802,0.050244994128787586
2592,0.0010842895982425527,0.05024503910657447
2593,0.001084285649941485,0.050245024593816676
2594,0.0010837853913156152,0.05022998253837346
2595,0.00108326439978626,0.05022725566361732
2596,0.0010832543106481245,0.05022707614557348
2597,0.0010832329211117014,0.0502270904790067
2598,0.0010832395119551846,0.050227049274722414
2599,0.0010832325167890494,0.050227027484373916
2600,0.001083223142936253,0.050226709141789144
2601,0.0010828130966851382,0.0502248405898547
2602,0.0010828122416444857,0.05022483477177357
2603,0.0010827657799764472,0.05022426705845507
2604,0.0010827608649158671,0.05022394820919838
2605,0.0010819160855341928,0.05019920719427389
2606,0.00108196379489554,0.050198588352982416
2607,0.001081910165715456,0.050198593469201025
2608,0.001081926891950106,0.05019859739104327
2609,0.0010819583701977135,0.05019859644791937
2610,0.001081944737081162,0.05019854273352786
2611,0.0010809799125287135,0.05019387264946212
2612,0.0010809771305156193,0.050193896876601536
2613,0.00108100658700765,0.05019358804397436
2614,0.0010809555528360968,0.050193503914117255
2615,0.0010809901256427627,0.05019339977788409
2616,0.0010809605749368652,0.050193350865086604
2617,0.0010809908886043034,0.050193339786756226
2618,0.0010802823215178533,0.05019794141436174
2619,0.0010802869839657242,0.050197970064162725
2620,0.0010802093173699137,0.05019650135977699
2621,0.0010801734732631036,0.05019608958524795
2622,0.0010801648622295308,0.050195989712987596
2623,0.0010801726193609875,0.05019533254873637
2624,0.0010801277760153552,0.05019553809654159
2625,0.0010801396866690215,0.05019512622994773
2626,0.0010801539878216619,0.05019507810457162
2627,0.0010801531788917238,0.0501947886925972
2628,0.0010801356909763862,0.050194785668714874
2629,0.0010801212974600005,0.050194793735510765
2630,0.001080117799876933,0.05019478416123504
2631,0.0010801283401778096,0.0501949248407386
2632,0.001080099239300431,0.050194799335036164
2633,0.0010801218174685994,0.050194668816196185
2634,0.001080069167127185,0.0501946315529394
2635,0.0010800699276693364,0.050194601468103124
2636,0.001080053559646624,0.05019460569262501
2637,0.0010795120525140826,0.050182897604302744
2638,0.0010789957093254238,0.05018588648601898
2639,0.001078973961861697,0.05018583760088815
2640,0.0010785929570350258,0.05018320332264832
2641,0.0010785134930464196,0.050183440431365155
2642,0.001078404873157117,0.0501803629726721
2643,0.001077778010840743,0.050159022282195216
2644,0.0010778090849080154,0.05015901250453835
2645,0.0010771254682187606,0.05016417009445735
2646,0.0010768949781741759,0.05015695765178757
2647,0.001076319927347125,0.05016213452438461
2648,0.0010763145022223473,0.050162129626582175
2649,0.0010763004660639972,0.050161956629459915
2650,0.0010763105096073177,0.050162090713816894
2651,0.00107630974792663,0.05016209354846047
2652,0.001076280288018991,0.05016168328525045
2653,0.001075739282625101,0.050159176965686954
2654,0.0010757427813467048,0.05015913210911825
2655,0.00107504209559889,0.05014956322838585
2656,0.0010750186849473168,0.050149937307230184
2657,0.0010750350070016317,0.05014995370815474
2658,0.0010744969112614128,0.05013184195977982
2659,0.0010744972686194485,0.05013185060758257
2660,0.0010744922009950236,0.050131678011606236
2661,0.001074502692748007,0.05013150541230174
2662,0.0010744858713032709,0.05013143673859164
2663,0.0010744415685844159,0.05013131366803163
2664,0.0010744870371642934,0.050131341014731844
2665,0.0010744784265576718,0.05013130289666167
2666,0.0010738859060852308,0.05012817818914899
2667,0.0010734964290552392,0.05012593839119126
2668,0.001073480061459478,0.050125765960976155
2669,0.0010731377168554268,0.050122602773764686
2670,0.0010731104514762261,0.05012258648714853
2671,0.0010731597750149964,0.050122575913150426
2672,0.0010729099880812307,0.05012292737426185
2673,0.0010720774218480474,0.050118201220568606
2674,0.0010716822968604052,0.050104488183968184
2675,0.0010716986200532564,0.050104496772304656
2676,0.0010716624783615588,0.05010443018017274
2677,0.0010715059793089154,0.0501036611539333
2678,0.0010710084636834868,0.050098324729835365
2679,0.0010710220486968857,0.05009832182997933
2680,0.0010710205264740469,0.05009832425551531
2681,0.0010709906168446266,0.050098027939383546
2682,0.0010710360382819915,0.05009797608571767
2683,0.0010703970035553733,0.05010292635175784
2684,0.0010703946724381756,0.05010295659707688
2685,0.001069845932594604,0.05011101957860784
2686,0.0010690479806179185,0.05009779970473627
2687,0.001069049146478941,0.050097794867931575
2688,0.001069072463841708,0.05009777447623521
2689,0.001068500939754924,0.05008193718828808
2690,0.001068535511405264,0.05008193732909589
2691,0.001068481881798229,0.050081902726043716
2692,0.0010685110283237915,0.05008181703591821
2693,0.0010685409943463307,0.05008209152548579
2694,0.0010679751933961629,0.050081478934971654
2695,0.0010679662704036837,0.050081470561781236
2696,0.0010680020538834437,0.050081419832204155
2697,0.0010680159979626824,0.05008136904428335
2698,0.0010679774786161217,0.05008145858608887
2699,0.0010679880179029896,0.05008135401754555
2700,0.0010679826394226152,0.05008079895385713
2701,0.0010679806652009228,0.05008087403568842
2702,0.0010673560862899656,0.05008603837978846
2703,0.0010671650487468476,0.05008601903176992
2704,0.001067137689865365,0.050085575592691625
2705,0.0010665871424177516,0.05008219587803792
2706,0.0010665886200953636,0.050082391109640016
2707,0.001066545343339901,0.050082147279722676
2708,0.0010658209545857758,0.05007250099242456
2709,0.0010654126417915357,0.05006850606724372
2710,0.0010653982461403947,0.05006848001101862
2711,0.0010653810718739781,0.05006835552865213
2712,0.001064991238339853,0.050059542701887276
2713,0.0010650172447827008,0.05005945391578232
2714,0.0010650366602397482,0.05005946146790908
2715,0.0010650184106437233,0.05005945431473325
2716,0.001065020742365768,0.05005944716157987
2717,0.0010649849580321063,0.05005945997852428
2718,0.0010649604394425375,0.05005923032262123
2719,0.0010649425473468648,0.05005922429046669
2720,0.0010649443839479997,0.05005915875195482
2721,0.0010643364514852133,0.05004041493916111
2722,0.0010637013526247133,0.05001195466419979
2723,0.0010636951191392659,0.050011896733222545
2724,0.0010636527436063284,0.050011064358122075
2725,0.0010630031696817904,0.050005368903173475
2726,0.0010629926320315682,0.050005203041068154
2727,0.0010629749124241232,0.050004897316204465
2728,0.001062978721254512,0.05000470665331138
2729,0.0010629311735830885,0.05000539204434209
2730,0.0010622875339046751,0.050009233879881355
2731,0.0010622774450511736,0.0500090282529993
2732,0.0010622522002890135,0.050009052638031605
2733,0.0010622860566540143,0.0500084466138388
2734,0.0010622408495105013,0.05000857784463217
2735,0.001061717832080586,0.049990850792927914
2736,0.0010616875196940011,0.04999078678889458
2737,0.001061738817578991,0.049990768644417385
2738,0.0010616942682247416,0.049990536349231875
2739,0.0010614459396490524,0.04998986166816528
2740,0.0010614136063607927,0.049989458007891625
2741,0.0010613962890835614,0.049989399929756144
2742,0.0010613617174332212,0.04998934891395115
2743,0.0010613943638189236,0.049989342878007326
2744,0.0010607040245006257,0.04997627962182362
2745,0.0010605879877776496,0.04997590596068741
2746,0.0010606609875137615,0.049975925909622146
2747,0.001060454481231387,0.04997017948537454
2748,0.00106045793270374,0.0499701641170982
2749,0.00106043456965721,0.04997020066496793
2750,0.0010604251962313645,0.04997027880349251
2751,0.0010604135374788224,0.04997010912851968
2752,0.0010604186048186134,0.04997005872194752
2753,0.0010603787677231915,0.049970098097452426
2754,0.0010603997532215965,0.04997009687307721
2755,0.0010603337595744508,0.04996990780887181
2756,0.0010603244326862708,0.04996991197932892
2757,0.0010603111101588243,0.04996946893730798
2758,0.0010602833361385963,0.04996912112806528
2759,0.0010602852638226235,0.04996911403455662
2760,0.0010603015858769386,0.049969138079977035
2761,0.0010602783242668638,0.04996878263980298
2762,0.0010602931198288293,0.0499685430330743
2763,0.0010597115908733746,0.04996333938860379
2764,0.0010592746514020645,0.049957901833216696
2765,0.0010592548185469888,0.04995812743839956
2766,0.0010591802034415486,0.04995809463962937
2767,0.0010592598394914313,0.04995803106570685
2768,0.001059241234102858,0.049958069286016864
2769,0.0010592319072146778,0.04995806811417346
2770,0.001059227243770588,0.04995801775311984
2771,0.0010592219315032068,0.049957575712769244
2772,0.0010592032777268466,0.04995752852626683
2773,0.0010586521261079069,0.04995326616080348
2774,0.0010586088333773588,0.049951803758199353
2775,0.0010586263212926965,0.04995180729298957
2776,0.0010585796874210643,0.049951808434188
2777,0.0010585750239769745,0.049951806211403944
2778,0.0010581547512695897,0.049946718096225994
2779,0.001057942171003567,0.049942640286508036
2780,0.0010578686635514885,0.0499426027321444
2781,0.0010578523813815181,0.04994345354248048
2782,0.001057345470377844,0.049951268696812885
2783,0.001057314752530071,0.04995117680865198
2784,0.0010573616990721944,0.04995081535522008
2785,0.0010572305195337254,0.04994956445077757
2786,0.0010572701565314182,0.049949542677239445
2787,0.001056733459127073,0.04995191267209064
2788,0.001056738122571163,0.04995190842874266
2789,0.001056775026085865,0.049951866164521345
2790,0.0010561976168701177,0.04994843921288998
2791,0.0010562061355221552,0.04994838902513631
2792,0.0010558415278753956,0.04994785618134627
2793,0.0010558792394661336,0.04994782520919988
2794,0.001055844667744635,0.04994773747287506
2795,0.0010553127361103167,0.04993474715337477
2796,0.00105516686854818,0.04993082327611871
2797,0.001055185118144205,0.04993091656999324
2798,0.0010551792888390925,0.04993091374967369
2799,0.001055179181959011,0.04993156862318
2800,0.0010551355479878298,0.04993154698117255
2801,0.0010541909397102968,0.049937446948145434
2802,0.001053774917923332,0.04993134184090746
2803,0.001053207472606743,0.049924618734445314
2804,0.0010526190531949004,0.049905977237253034
2805,0.0010526052680837723,0.049906032531601044
2806,0.001052547883726816,0.04990543278430457
2807,0.0010525463148239945,0.04990534858734059
2808,0.001052549812407062,0.049905306490741916
2809,0.001052555998216308,0.04990510637655651
2810,0.0010525582237698567,0.049905050324446185
2811,0.001052580779309619,0.04990500796439666
2812,0.0010525453984624965,0.04990504941081669
2813,0.0010519873743191131,0.049890655668876294
2814,0.001052001768831718,0.0498906654682654
2815,0.001051995442840208,0.04989006966478838
2816,0.0010519718943546015,0.04988960350056705
2817,0.0010519503995035844,0.04988959298447324
2818,0.0010511836881228736,0.049876688692035355
2819,0.0010506327838331238,0.049881823194236105
2820,0.0010506880882268426,0.04988176496188492
2821,0.0010506454113376165,0.04988161921536433
2822,0.0010504026301726037,0.049880269517130704
2823,0.001050388639840334,0.04988026902247392
2824,0.0010503392232440226,0.04988019869185492
2825,0.0010503315135041334,0.04988001381703093
2826,0.001050327068516668,0.04987946397888872
2827,0.0010503035536178781,0.04987971137748226
2828,0.0010503257049773057,0.04987968644345646
2829,0.0010502938231186313,0.04987969050294232
2830,0.0010502938225493631,0.04987961467269102
2831,0.0010502938225493631,0.04987961467269102
2832,0.0010502809980781156,0.049879618705148135
2833,0.0010502992479587748,0.04987962154326804
2834,0.0010502879468489025,0.049879590606514465
2835,0.0010502879468489025,0.049879590606514465
2836,0.0010502879468489025,0.049879590606514465
2837,0.0010502949408765013,0.04987956581559327
2838,0.001049745704986959,0.049866867333185905
2839,0.0010497099209023516,0.04986662864480793
2840,0.0010497413519007087,0.049866678833062686
2841,0.0010497009520837924,0.04986651098883464
2842,0.0010497211764707779,0.049866574623736296
2843,0.0010496978572578895,0.049866199139461505
2844,0.0010496710441621764,0.04986619364852825
2845,0.0010496988738283588,0.049866218449163606
2846,0.0010496929977009469,0.04986607414716936
2847,0.001049666403844602,0.049865999438810496
2848,0.001049682726041234,0.049866056028760986
2849,0.0010496449683397818,0.04986598237275969
2850,0.0010491051504035221,0.04985357754647454
2851,0.0010489251033278025,0.049849300369276296
2852,0.0010489429487434926,0.049849346706929865
2853,0.0010489087347358222,0.04984929688697911
2854,0.0010489514191678502,0.04984913500256107
2855,0.001048556298520877,0.04984699368017719
2856,0.0010485625318284284,0.04984706013315804
2857,0.0010485749521193409,0.04984703854818808
2858,0.001047965224256197,0.04984712827032424
2859,0.0010479335029666998,0.04984703462820335
2860,0.0010479272719006417,0.04984697547188581
2861,0.0010475501776076592,0.04985760551171028
2862,0.0010475540336872984,0.04985727048415077
2863,0.0010475263551617904,0.049857159474915404
2864,0.0010475302093913084,0.049857075643993776
2865,0.0010475241344470206,0.049856494623249044
2866,0.0010474868268943005,0.04985647532057267
2867,0.0010474844489192243,0.049856412945764796
2868,0.0010475031026955842,0.04985639138431828
2869,0.0010475033099091643,0.04985627766697447
2870,0.0010474713946415698,0.049856637041642574
2871,0.0010474588676128926,0.04985655595866261
2872,0.0010474681945010725,0.04985655343527493
2873,0.0010474619613002592,0.049856631468700764
2874,0.001047447565649118,0.04985662744127894
2875,0.0010474378357191393,0.049856666188456564
2876,0.0010474545628076913,0.049856617050333396
2877,0.0010474336762196148,0.04985705780146614
2878,0.0010473964145641334,0.0498570988979632
2879,0.0010473796893257026,0.04985686554986461
2880,0.0010474021993240189,0.04985666807844193
2881,0.0010473830938334395,0.049856629459341446
2882,0.0010467021363554808,0.049853421660556514
2883,0.001046684947305884,0.04985342946545233
2884,0.0010466616313662869,0.04985310082955611
2885,0.001046667009811082,0.04985300144840307
2886,0.0010460237370615239,0.04982719248521696
2887,0.0010460014917728637,0.04982699196391199
2888,0.001045724151125616,0.049825577841739827
2889,0.001045698119492656,0.04982583633381905
2890,0.0010456571626469258,0.04982601788652611
2891,0.0010449666206514027,0.049815955896492216
2892,0.001044732319588305,0.04981471478198273
2893,0.0010446431920428198,0.04981530104234223
2894,0.0010446373627377072,0.04981530425653864
2895,0.0010446101438961717,0.04981515018734004
2896,0.0010446252081526698,0.04981490474017816
2897,0.001044560185249913,0.04981447078546596
2898,0.0010446207622045647,0.04981405560290674
2899,0.0010445869522349121,0.04981406429383207
2900,0.001044590092459944,0.049814105721087076
2901,0.001044582693113474,0.04981409865503318
2902,0.0010445725470129513,0.049813754810421156
2903,0.0010445628159444365,0.049813775779671665
2904,0.0010440566213468481,0.04979384475865998
2905,0.0010438238383616062,0.04979154854487411
2906,0.001043817202403628,0.04979131483102626
2907,0.001043833119139072,0.04979130710542501
2908,0.0010433115544812902,0.04978874590363628
2909,0.0010425682952197742,0.04979255729812919
2910,0.0010425604909813841,0.049792436158673084
2911,0.0010425022996869279,0.04979272851603735
2912,0.0010425310420321555,0.04979266550247776
2913,0.0010424913562908837,0.04979258178205458
2914,0.0010424893366700622,0.04979239154696436
2915,0.001042483911438547,0.04979230835684444
2916,0.0010425192460504276,0.04979223298714522
2917,0.0010424656174396116,0.0497922325987679
2918,0.0010424768257587874,0.04979210371115476
2919,0.0010424545678039126,0.049791725424733556
2920,0.001042436271527905,0.04979174737097014
2921,0.001042464252192445,0.049791722815966846
2922,0.0010423732653640503,0.04979134780741045
2923,0.001042401603813577,0.04979133457403644
2924,0.0010419690637704963,0.04978714171839905
2925,0.0010419589759132137,0.049787125159378026
2926,0.00104182564751228,0.04978688517056338
2927,0.0010418208928251909,0.04978678426228937
2928,0.00104183914128268,0.049786701138544394
2929,0.00104183914128268,0.049786701138544394
2930,0.0010418203981312317,0.04978650618525616
2931,0.001041800935994202,0.04978649283065578
2932,0.0010417892285692393,0.049786336416985766
2933,0.001041774323992437,0.04978623764618869
2934,0.0010418030664799815,0.049786210591111026
2935,0.0010414791492792813,0.04977814146421405
2936,0.0010415071299438214,0.04977813861506054
2937,0.0010415071299438214,0.04977813861506054
2938,0.0010414686565300788,0.049778135460476144
2939,0.0010408507542619778,0.04977694535436679
2940,0.0010408262700419692,0.04977661324652738
2941,0.0010408624117336667,0.049776613221017486
2942,0.001040856131568237,0.04977640921762926
2943,0.0010405545397450997,0.04977082813265368
2944,0.0010405708617994148,0.0497708507202498
2945,0.0010405515008497855,0.04977047502405739
2946,0.001040496970233701,0.049769720790223314
2947,0.0010405241880790173,0.04976967804787276
2948,0.0010404453226580048,0.04976963623364935
2949,0.001040446288278981,0.04976975979256416
2950,0.001040381102814609,0.0497696751592058
2951,0.001040390025522454,0.049769652357559924
2952,0.001040387693800409,0.04976965207914761
2953,0.0010403386341351823,0.049769320125247846
2954,0.0010403853139752115,0.04976937169903869
2955,0.0010403895732389666,0.049769400062467925
2956,0.0010404058952932815,0.04976939909424985
2957,0.001040418719764529,0.04976939566747506
2958,0.0010403849097948765,0.0497693864094896
2959,0.0010403798434513048,0.049769364550069965
2960,0.0010403707809881466,0.04976909549820411
2961,0.0010403645497797714,0.04976884419469898
2962,0.001040136613222727,0.0497680788620253
2963,0.0010401692581852593,0.04976805705931133
2964,0.0010401424449828082,0.04976766318937909
2965,0.0010401323564139407,0.04976765603057147
2966,0.001040126527108828,0.04976762533022344
2967,0.0010400719521965712,0.04976808947898036
2968,0.0010400816365851038,0.04976804911358392
2969,0.0010401018142921071,0.04976796616537138
2970,0.0010401344584007371,0.04976793160271064
2971,0.0010400819946547247,0.04976794053507984
2972,0.001040097150848017,0.04976791883263281
2973,0.001040078900255773,0.04976771961691792
2974,0.0010400912747917637,0.04976732916641376
2975,0.0010400679575713137,0.049767325154714014
2976,0.001040074189918225,0.0497672422096622
2977,0.001040074190202859,0.04976736448092152
2978,0.001040074190202859,0.04976736448092152
2979,0.0010400602452697182,0.04976719134357439
2980,0.0010400493480555468,0.04976710840268082
2981,0.0010400544162492398,0.049767040466315804
2982,0.0010400614114153748,0.049767038510029005
2983,0.001040051078915136,0.04976691304282125
2984,0.0010396356063117592,0.049765251282027294
2985,0.0010396084816840906,0.04976530982455394
2986,0.00103953834287586,0.04976527145412938
2987,0.0010395546179299794,0.04976520002521418
2988,0.001038970397226,0.04975368339049983
2989,0.001038374350066661,0.04975153275911676
2990,0.001038377351247965,0.04975067048779554
2991,0.0010383741674739252,0.04975085683108974
2992,0.0010383693508611432,0.049750887443222
2993,0.0010383646874170531,0.049750841588599784
2994,0.0010383372242171954,0.049750651567264714
2995,0.0010383546638870634,0.049750589555216086
2996,0.0010383293725872381,0.04975056225875995
2997,0.001038365363814267,0.04975032206943027
2998,0.001038262363757214,0.04975039545096285
2999,0.001038309402378449,0.04975031268272552
3000,0.0010383090448780965,0.04975029908114758
3001,0.001038328925000212,0.04975043891480734
3002,0.0010383153843897233,0.049750097900979305
3003,0.0010379587860779682,0.049749555874804764
3004,0.0010379782015350158,0.04974955136013951
3005,0.0010379777973546808,0.04974949118403199
3006,0.0010379411026902046,0.04974965519726997
3007,0.0010379481419746156,0.04974965925195882
3008,0.0010379632981679082,0.049749654832784825
3009,0.0010379141831413608,0.04974973316934671
3010,0.0010379141831413608,0.049749739080419665
3011,0.0010374488975709842,0.04975106349225807
3012,0.0010374407364015096,0.049751019928765954
3013,0.0010374406414404786,0.049750691162936254
3014,0.0010374055740821704,0.049750457890918864
3015,0.0010374009106380803,0.04975045660441728
3016,0.0010374032423601254,0.049750445480379824
3017,0.0010374168285120604,0.0497504668559711
3018,0.0010374335546043934,0.04975047526480635
3019,0.0010374085177318193,0.049750452676993524
3020,0.0010372223006796222,0.04974620654002559
3021,0.0010368390240641607,0.04974479739678895
3022,0.0010368481666518006,0.049744592485859294
3023,0.0010366097038476854,0.04974258675121832
3024,0.0010366112270489539,0.0497424885234605
3025,0.0010365925732725937,0.0497424781935211
3026,0.0010365657120737278,0.04974226302152355
3027,0.0010366231503688348,0.04974250576561907
3028,0.0010359740124680648,0.04973916203886993
3029,0.0010359684952285966,0.04973918919640595
3030,0.0010359590312891268,0.049739219090931965
3031,0.0010359765192044644,0.0497392179548148
3032,0.0010353429051374271,0.049733928731036624
3033,0.0010353429051374271,0.049733928731036624
3034,0.0010353429051374271,0.049733928731036624
3035,0.0010353315581658952,0.049733802473700225
3036,0.0010353280605828279,0.049733811734197435
3037,0.0010351342069772687,0.049735162370281125
3038,0.001035095282703209,0.04973436364235198
3039,0.0010346776482687288,0.04972509914833154
3040,0.0010346557957928316,0.04972536711835142
3041,0.00103469507728261,0.0497252945798114
3042,0.0010346504695783825,0.049725393098433844
3043,0.00103463997682918,0.0497253827915951
3044,0.0010346192127048985,0.049725504282692984
3045,0.0010346160247325065,0.049725860913624007
3046,0.0010341658147150414,0.049717594117730475
3047,0.0010341483267997038,0.049717564171758453
3048,0.0010341704781591315,0.049717554399528296
3049,0.0010341739757421988,0.049717544098949636
3050,0.001033801755522495,0.04970104065825216
3051,0.001033765926501289,0.04970105831928127
3052,0.0010338194644205843,0.04970091123318735
3053,0.0010334830927728872,0.049696875481728804
3054,0.0010334714341626622,0.04969687050520406
3055,0.0010334631808784967,0.04969670385533921
3056,0.0010334733161273468,0.04969665498557876
3057,0.0010334768137104141,0.04969663022077267
3058,0.001033161171924176,0.04969245744661248
3059,0.0010331665970489535,0.049692368671638495
3060,0.0010325844661992448,0.049686756415516266
3061,0.0010325700675594463,0.04968643053213658
3062,0.0010325673327956026,0.04968709782486879
3063,0.001032030212745289,0.04968485001903715
3064,0.0010319002765238805,0.049683227424159246
3065,0.001031315828984362,0.04968207712314986
3066,0.0010306987832690313,0.04967495094756469
3067,0.0010307174370453914,0.04967494584706869
3068,0.0010307091689958352,0.04967499826205109
3069,0.0010307122621139339,0.04967490312330877
3070,0.001030025541775121,0.04967401976967083
3071,0.0010297508686113463,0.04967608383429847
3072,0.0010297189856141357,0.04967600411074515
3073,0.001029570813832718,0.04967812420493388
3074,0.0010296065524826167,0.049678081468174755
3075,0.0010296030210280988,0.049677701460910766
3076,0.0010296030210280988,0.049677701460910766
3077,0.0010295773720856037,0.04967771881513558
3078,0.001029569211058446,0.04967772490074742
3079,0.001029599985406076,0.049677640048330904
3080,0.0010295408717550174,0.04967766022711781
3081,0.001029581272852787,0.04967764071358878
3082,0.0010295373748835349,0.04967765842812253
3083,0.0010295342350498749,0.04967765044821988
3084,0.0010295566975143066,0.04967756195929827
3085,0.0010295566975143066,0.04967756195929827
3086,0.0010295171703141944,0.049676966977361514
3087,0.0010295264055502139,0.04967688723481617
3088,0.0010295217421061238,0.049676876986168655
3089,0.0010294968554135846,0.04967687976107971
3090,0.001029490217747802,0.04967687004728566
3091,0.0010295380180497247,0.049676847512284905
3092,0.0010295625011311972,0.04967683719830427
3093,0.0010295030869065937,0.04967669215714747
3094,0.0010295116532526222,0.0496767337785851
3095,0.0010295248804810346,0.049676538572034926
3096,0.0010295104888147699,0.04967635586287074
3097,0.0010295163181198825,0.049676334525744534
3098,0.00102949183503841,0.049676306201643386
3099,0.0010295213376411549,0.049676192938395314
3100,0.0010294867657061808,0.049676192907596096
3101,0.0010294971662339546,0.04967592006064305
3102,0.0010294960003729321,0.0496759180932791
3103,0.0010294909328908244,0.04967591679858052
3104,0.0010294909328908244,0.04967587899284367
3105,0.001029445218831878,0.04967552953762455
3106,0.0010294692968791134,0.04967533502612192
3107,0.001028808616605544,0.04967509560802326
3108,0.0010287817546773034,0.04967516086725854
3109,0.0010287889106616703,0.04967505192610308
3110,0.0010287674629175865,0.04967457477817454
3111,0.001028747643280204,0.04967456960615094
3112,0.0010281780388187458,0.04967530742694728
3113,0.0010281547215982957,0.04967531007463676
3114,0.0010281652143474982,0.049675375371919364
3115,0.0010281228865619207,0.049675349368065086
3116,0.0010281531989485056,0.04967533913734382
3117,0.001028107730368628,0.04967525483085088
3118,0.001028098468661643,0.04967472899195855
3119,0.0010280941638564417,0.049674530801711254
3120,0.0010280906662733743,0.04967451739594307
